,ensembl_gene_id,id,DL_OR
0,ENSMUSG00000059069,Olfr749,OR11H4
1,ENSMUSG00000053815,Olfr744,OR11G2
2,ENSMUSG00000075200,Olfr1044,OR8U9
3,ENSMUSG00000049528,Olfr429,OR6N1
4,ENSMUSG00000050028,Olfr745,OR11H6
5,ENSMUSG00000062782,Olfr527,OR12J2
6,ENSMUSG00000050813,Olfr332,OR2AV9
7,ENSMUSG00000036658,Olfr11,OR2B6
8,ENSMUSG00000075427,Olfr288,OR10AD1C
9,ENSMUSG00000108167,Olfr1386,OR2Y1C
10,ENSMUSG00000043698,Olfr62,OR13P10
11,ENSMUSG00000073975,Olfr550,OR51R1
12,ENSMUSG00000061195,Olfr1289,OR4F4B
13,ENSMUSG00000054141,Olfr24,OR1M1
14,ENSMUSG00000059610,Olfr222,OR2B11
15,ENSMUSG00000094819,Olfr53,OR13A20
16,ENSMUSG00000054406,Olfr411,OR3A1D
17,ENSMUSG00000063583,Olfr1410,OR9S14
18,ENSMUSG00000111259,Olfr1328,OR10AK7
19,ENSMUSG00000056961,Olfr919,OR8G51
20,ENSMUSG00000075064,Olfr1506,OR4X15
21,ENSMUSG00000075091,Olfr1233,OR4C125
22,ENSMUSG00000061549,Olfr301,OR14C44
23,ENSMUSG00000051180,Olfr522,OR6AE1
24,ENSMUSG00000068574,Olfr458,OR2R11
25,ENSMUSG00000051200,Olfr513,OR5E1
26,ENSMUSG00000062497,Olfr1411,OR9S15
27,ENSMUSG00000109058,Olfr705,OR2AG1
28,ENSMUSG00000049618,Olfr103,OR12D13
29,ENSMUSG00000045479,Olfr459,OR9A2
30,ENSMUSG00000095236,Olfr38,OR2F1B
31,ENSMUSG00000050134,Olfr430,OR6N2
32,ENSMUSG00000070311,Olfr894,OR8C16
33,ENSMUSG00000044923,Olfr1030,OR5M5
34,ENSMUSG00000067528,Olfr1424,OR4D10B
35,ENSMUSG00000095809,Olfr1290,OR4K42
36,ENSMUSG00000095910,Olfr469,OR5P50
37,ENSMUSG00000059429,Olfr365,OR1L4
38,ENSMUSG00000075114,Olfr1208,OR4P8
39,ENSMUSG00000093825,Olfr723,OR4L1
40,ENSMUSG00000068437,Olfr725,OR4K15B
41,ENSMUSG00000043925,Olfr544,OR55B4
42,ENSMUSG00000070377,Olfr43,OR1A1B
43,ENSMUSG00000073964,Olfr570,OR51A8
44,ENSMUSG00000110259,Olfr65,OR51B6
45,ENSMUSG00000044441,Olfr1442,OR5B94
46,ENSMUSG00000090129,Olfr287,OR10AD1
47,ENSMUSG00000073897,Olfr17,OR10A4
48,ENSMUSG00000060765,Olfr325,OR2T46
49,ENSMUSG00000051493,Olfr974,OR8D6
50,ENSMUSG00000066262,Olfr640,OR51I1
51,ENSMUSG00000050763,Olfr1395,OR2T26
52,ENSMUSG00000052625,Olfr851,OLFR851
53,ENSMUSG00000042849,Olfr1414,OR6B3
54,ENSMUSG00000074945,Olfr1314,OR4F61
55,ENSMUSG00000101078,Olfr1166,OR5D38
56,ENSMUSG00000063173,Olfr811,OR6C215
57,ENSMUSG00000094692,Olfr738,OR11G1
58,ENSMUSG00000096000,Olfr773,OR6C204
59,ENSMUSG00000099486,Olfr1228,OR4C122
60,ENSMUSG00000068947,Olfr366,OR1AF1
61,ENSMUSG00000111863,Olfr347,OR1J18
62,ENSMUSG00000049149,Olfr1258,OR4C10
63,ENSMUSG00000050023,Olfr1176,OR5D46
64,ENSMUSG00000073896,Olfr716,OR2D36
65,ENSMUSG00000051160,Olfr853,OR7G33
66,ENSMUSG00000090951,Olfr181,OR5K17
67,ENSMUSG00000101874,Olfr1391,OR2Y1E
68,ENSMUSG00000075063,Olfr142,OR4B13
69,ENSMUSG00000044170,Olfr1384,OR2Y14
70,ENSMUSG00000096167,Olfr887,OR8B39
71,ENSMUSG00000094669,Olfr441,OR2A54
72,ENSMUSG00000049456,Olfr1404,OR10J3B
73,ENSMUSG00000048292,Olfr1417,OR10V5
74,ENSMUSG00000049894,Olfr808,OR6C65
75,ENSMUSG00000073916,Olfr669,OR52N5
76,ENSMUSG00000081724,Olfr129,OR10AL7
77,ENSMUSG00000095706,Olfr209,OLFR209
78,ENSMUSG00000047794,Olfr685,OR52L1
79,ENSMUSG00000056822,Olfr166,OR2L13
80,ENSMUSG00000075094,Olfr1230,OR4C123
81,ENSMUSG00000058820,Olfr146,OR8G17
82,ENSMUSG00000094846,Olfr1487,OR5B123
83,ENSMUSG00000063106,Olfr1510,OR10G1
84,ENSMUSG00000060254,Olfr980,OR10G9B
85,ENSMUSG00000096679,Olfr498,OR5P73
86,ENSMUSG00000075101,Olfr1222,OR4C117
87,ENSMUSG00000095831,Olfr453,OR2F1
88,ENSMUSG00000066273,Olfr33,OR51A39
89,ENSMUSG00000096273,Olfr1474,OR5B118
90,ENSMUSG00000048197,Olfr1153,OR5W20
91,ENSMUSG00000051003,Olfr161,OR1F19
92,ENSMUSG00000050865,Olfr1494,OR10Q1
93,ENSMUSG00000108674,Olfr1359,OR2B2
94,ENSMUSG00000073898,Olfr713,OR10A5
95,ENSMUSG00000063240,Olfr133,OR2N1B
96,ENSMUSG00000075203,Olfr1040,OR5AL6
97,ENSMUSG00000067525,Olfr1427,OR4Z4
98,ENSMUSG00000056782,Olfr667,OR52N2B
99,ENSMUSG00000062868,Olfr830,OR7G18
100,ENSMUSG00000066671,Olfr220,OR6Y1
101,ENSMUSG00000060503,Olfr715,OR2D2
102,ENSMUSG00000095248,Olfr681,OR56A3B
103,ENSMUSG00000075205,Olfr1037,OR8U10
104,ENSMUSG00000066750,Olfr876,OR8B12C
105,ENSMUSG00000068814,Olfr1145,OR12E10
106,ENSMUSG00000094266,Olfr340,OR1J12
107,ENSMUSG00000047667,Olfr26,OR8D1
108,ENSMUSG00000073924,Olfr656,OR52P1
109,ENSMUSG00000075133,Olfr1170,OR5D41
110,ENSMUSG00000075081,Olfr1247,OR4A74
111,ENSMUSG00000075140,Olfr73,OR5D18
112,ENSMUSG00000108948,Olfr695,OR2AG13
113,ENSMUSG00000060556,Olfr1418,OR10V9
114,ENSMUSG00000036744,Olfr701,OR2AG2B
115,ENSMUSG00000060787,Olfr464,OR4D1
116,ENSMUSG00000075384,Olfr3,OR1J1
117,ENSMUSG00000109497,Olfr492,OR5P67
118,ENSMUSG00000066272,Olfr559,OR51A25
119,ENSMUSG00000054054,Olfr309,OR13G1
120,ENSMUSG00000075127,Olfr1179,OR4P18
121,ENSMUSG00000075163,Olfr1107,OR5AQ1B
122,ENSMUSG00000075222,Olfr988,OR5AK20
123,ENSMUSG00000049098,Olfr147,OR8B3
124,ENSMUSG00000051340,Olfr645,OR51A24
125,ENSMUSG00000067522,Olfr76,OR5A1
126,ENSMUSG00000059488,Olfr727,OR4K15
127,ENSMUSG00000047511,Olfr1396,OR2V2
128,ENSMUSG00000059189,Olfr913,OR8B49
129,ENSMUSG00000064223,Olfr694,OR2AG1B
130,ENSMUSG00000107662,Olfr772,OR6C203
131,ENSMUSG00000068815,Olfr1143,OR5W18
132,ENSMUSG00000073111,Olfr446,OR2A12
133,ENSMUSG00000074996,Olfr199,OR5AC17
134,ENSMUSG00000095189,Olfr1472,OR5B117
135,ENSMUSG00000044985,Olfr124,OR2B4
136,ENSMUSG00000044801,Olfr159,OR13C7D
137,ENSMUSG00000059729,Olfr1385,OR2Y1
138,ENSMUSG00000096477,Olfr92,OR2H2C
139,ENSMUSG00000111273,Olfr789,OR6C7
140,ENSMUSG00000068808,Olfr1189,OR4C102
141,ENSMUSG00000075377,Olfr362,OR1B1
142,ENSMUSG00000107417,Olfr1383,OR2Y13
143,ENSMUSG00000062103,Olfr924,OR8D2
144,ENSMUSG00000071481,Olfr437,OR2A52
145,ENSMUSG00000075136,Olfr1164,OR5D37
146,ENSMUSG00000073959,Olfr584,OR52R1C
147,ENSMUSG00000057997,Olfr541,OR13A26
148,ENSMUSG00000075139,Olfr1162,OR5D14
149,ENSMUSG00000094133,Olfr1431,OR5AN9
150,ENSMUSG00000075167,Olfr1101,OR5T16
151,ENSMUSG00000046493,Olfr1352,OR7A36
152,ENSMUSG00000070375,Olfr406,OR1P1C
153,ENSMUSG00000090824,Olfr1344,OR2BD2
154,ENSMUSG00000073977,Olfr549,OR52B3
155,ENSMUSG00000109547,Olfr1294,OR4K44
156,ENSMUSG00000095928,Olfr204,OR5AC22
157,ENSMUSG00000043314,Olfr30,OR2Z2
158,ENSMUSG00000039962,Olfr906,OR8B1
159,ENSMUSG00000043855,Olfr479,OR10AB4
160,ENSMUSG00000073925,Olfr654,OR52U1
161,ENSMUSG00000045148,Olfr1255,OR4C12B
162,ENSMUSG00000044899,Olfr649,OR52H2
163,ENSMUSG00000057179,Olfr747,OR11H4B
164,ENSMUSG00000073923,Olfr657,OR56B1
165,ENSMUSG00000043310,Olfr571,OR51S1
166,ENSMUSG00000096806,Olfr312,OR5AF1
167,ENSMUSG00000060918,Olfr51,OR1AD8
168,ENSMUSG00000096365,Olfr1463,OR5B109
169,ENSMUSG00000047702,Olfr1388,OR2Y16
170,ENSMUSG00000075100,Olfr1223,OR4C118
171,ENSMUSG00000095774,Olfr970,OR8G37
172,ENSMUSG00000096858,Olfr805,OR6C212
173,ENSMUSG00000068806,Olfr1259,OR4C12
174,ENSMUSG00000078080,Olfr585,OR51F1E
175,ENSMUSG00000044061,Olfr225,OR2W25
176,ENSMUSG00000073961,Olfr582,OR52R1B
177,ENSMUSG00000020168,Olfr299,OR14C43
178,ENSMUSG00000096485,Olfr1466,OR5B112
179,ENSMUSG00000073949,Olfr606,OR51L14
180,ENSMUSG00000082980,Olfr1274,OR4X13
181,ENSMUSG00000068809,Olfr1188,OR4C101
182,ENSMUSG00000070374,Olfr59,OR1P1
183,ENSMUSG00000043119,Olfr448,OR2A5
184,ENSMUSG00000045792,Olfr578,OR51G1
185,ENSMUSG00000068818,Olfr1132,OR8W1
186,ENSMUSG00000073920,Olfr661,OR56B2
187,ENSMUSG00000045392,Olfr1033,OR5M3B
188,ENSMUSG00000042894,Olfr1260,OR4C35
189,ENSMUSG00000045780,Olfr624,OR51V8
190,ENSMUSG00000059279,Olfr224,OR2T43
191,ENSMUSG00000095667,Olfr854,OR7G34
192,ENSMUSG00000075159,Olfr1110,OR5AQ1
193,ENSMUSG00000075110,Olfr1214,OR4C109
194,ENSMUSG00000045540,Olfr600,OR52AD1
195,ENSMUSG00000046210,Olfr735,OR4Q3
196,ENSMUSG00000070852,Olfr1121,OR12E9
197,ENSMUSG00000073928,Olfr651,OR52H9
198,ENSMUSG00000101391,Olfr1217,OR4C112
199,ENSMUSG00000075166,Olfr1104,OR8I2
200,ENSMUSG00000062121,Olfr149,OR10D1B
201,ENSMUSG00000049864,Olfr250,OR8C10
202,ENSMUSG00000059762,Olfr767,OR6C8
203,ENSMUSG00000073967,Olfr557,OR51D1
204,ENSMUSG00000045030,Olfr1443,OR5B95
205,ENSMUSG00000058270,Olfr25,OR8C9
206,ENSMUSG00000068535,Olfr169,OR2AJ4
207,ENSMUSG00000075065,Olfr1270,OR4B1
208,ENSMUSG00000091531,Olfr102,OR12D2
209,ENSMUSG00000095893,Olfr884,OR8B37
210,ENSMUSG00000059503,Olfr248,OR10X4
211,ENSMUSG00000045514,Olfr460,OR9A4
212,ENSMUSG00000075220,Olfr993,OR5AK23
213,ENSMUSG00000063777,Olfr1469,OR5B3
214,ENSMUSG00000071494,Olfr455,OR10AC1
215,ENSMUSG00000095901,Olfr538,OR13A24
216,ENSMUSG00000073909,Olfr688,OR56B34
217,ENSMUSG00000057443,Olfr138,OR2N1E
218,ENSMUSG00000048067,Olfr1349,OR10AM5
219,ENSMUSG00000092077,Olfr101,OR12D12
220,ENSMUSG00000075112,Olfr1211,OR4C15
221,ENSMUSG00000062199,Olfr1465,OR5B111
222,ENSMUSG00000044292,Olfr978,OR10G7
223,ENSMUSG00000050504,Olfr1323,OR5BH3
224,ENSMUSG00000059031,Olfr482,OR5P58
225,ENSMUSG00000109376,Olfr761,OR14J8
226,ENSMUSG00000092413,Olfr115,OR14J4
227,ENSMUSG00000049926,Olfr921,OR8B54
228,ENSMUSG00000060084,Olfr748,OR11H23
229,ENSMUSG00000067524,Olfr1428,OR4D6
230,ENSMUSG00000060303,Olfr1447,OR5B97
231,ENSMUSG00000047207,Olfr1495,OR10Q12
232,ENSMUSG00000048153,Olfr49,OR6E1
233,ENSMUSG00000096497,Olfr787,OR6C5C
234,ENSMUSG00000051392,Olfr1402,OR13L2
235,ENSMUSG00000049052,Olfr812,OR6C216
236,ENSMUSG00000048620,Olfr1336,OR6Z3
237,ENSMUSG00000069421,Olfr810,OR6C69B
238,ENSMUSG00000050281,Olfr630,OR51L4
239,ENSMUSG00000062037,Olfr285,OR8S16
240,ENSMUSG00000094520,Olfr635,OR51Q1
241,ENSMUSG00000068259,Olfr461,OR9A7
242,ENSMUSG00000073969,Olfr556,OR52I2
243,ENSMUSG00000095765,Olfr741,OR11G25
244,ENSMUSG00000044213,Olfr1094,OR5T9
245,ENSMUSG00000061361,Olfr168,OR2L13B
246,ENSMUSG00000095957,Olfr832,OR7G19
247,ENSMUSG00000101480,Olfr1220,OR4C115
248,ENSMUSG00000059105,Olfr1504,OR9I16
249,ENSMUSG00000049498,Olfr1449,OR5B24
250,ENSMUSG00000073973,Olfr552,OR52K2
251,ENSMUSG00000109212,Olfr126,OR14J5
252,ENSMUSG00000108827,Olfr1310,OR4F6
253,ENSMUSG00000057050,Olfr397,OR1E1F
254,ENSMUSG00000075190,Olfr1054,OR8K22
255,ENSMUSG00000069823,Olfr1,OR1E16
256,ENSMUSG00000075164,Olfr1106,OR5J1
257,ENSMUSG00000060049,Olfr235,OR5AN11
258,ENSMUSG00000048299,Olfr148,OR10N1
259,ENSMUSG00000059205,Olfr1130,OR10AG60
260,ENSMUSG00000107822,Olfr1358,OR10B1
261,ENSMUSG00000063230,Olfr535,OR13A22
262,ENSMUSG00000062128,Olfr20,OR1E1
263,ENSMUSG00000058628,Olfr875,OR8B12B
264,ENSMUSG00000043692,Olfr399,OR3A4
265,ENSMUSG00000075202,Olfr1042,OR5AL1
266,ENSMUSG00000044205,Olfr983,OR8B57
267,ENSMUSG00000062649,Olfr44,OR8G20
268,ENSMUSG00000060523,Olfr726,OR4K15C
269,ENSMUSG00000111517,Olfr1238,OR4A39
270,ENSMUSG00000096109,Olfr1537,OR8G18
271,ENSMUSG00000068182,Olfr203,OR5AC21
272,ENSMUSG00000046016,Olfr1364,OR2W2
273,ENSMUSG00000073768,Olfr1330,OR10AK16
274,ENSMUSG00000049018,Olfr368,OR5C1
275,ENSMUSG00000066263,Olfr639,OR51K1
276,ENSMUSG00000056995,Olfr1178,OR4P7
277,ENSMUSG00000046678,Olfr981,OR10G6
278,ENSMUSG00000059043,Olfr15,OR2C1
279,ENSMUSG00000093804,Olfr1303,OR4F7
280,ENSMUSG00000093942,Olfr46,OR13A18
281,ENSMUSG00000073917,Olfr665,OR52N3
282,ENSMUSG00000094285,Olfr743,OR11G27
283,ENSMUSG00000063715,Olfr816,OR6C69
284,ENSMUSG00000050478,Olfr807,OR6C214
285,ENSMUSG00000057770,Olfr668,OR52N2C
286,ENSMUSG00000043331,Olfr975,OR10D5
287,ENSMUSG00000062314,Olfr1505,OR9I1B
288,ENSMUSG00000111456,Olfr1245,OR4A72
289,ENSMUSG00000058491,Olfr869,OR7E175
290,ENSMUSG00000045204,Olfr835,OR7G20
291,ENSMUSG00000050266,Olfr690,OR52B1
292,ENSMUSG00000059821,Olfr847,OR7G29
293,ENSMUSG00000070857,Olfr1113,OR10AG52
294,ENSMUSG00000090059,Olfr1062,OR8J3C
295,ENSMUSG00000056696,Olfr1350,OR5BW2
296,ENSMUSG00000063225,Olfr917,OR8B52
297,ENSMUSG00000081945,Olfr607,OR52D13
298,ENSMUSG00000090675,Olfr111,OR5V1B
299,ENSMUSG00000073927,Olfr652,OR52H7
300,ENSMUSG00000046431,Olfr518,OR10A3
301,ENSMUSG00000054431,Olfr450,OR2Q1
302,ENSMUSG00000094140,Olfr1512,OR10G3
303,ENSMUSG00000048933,Olfr722,OR4N5
304,ENSMUSG00000071185,Olfr1357,OR1I2
305,ENSMUSG00000075382,Olfr353,OR1N1B
306,ENSMUSG00000045584,Olfr610,OR51AG1
307,ENSMUSG00000051172,Olfr672,OR52E15
308,ENSMUSG00000066672,Olfr417,OR10X1
309,ENSMUSG00000108534,Olfr1360,OR2B2B
310,ENSMUSG00000061561,Olfr373,OR2Z9
311,ENSMUSG00000061972,Olfr99,OR1O4
312,ENSMUSG00000047960,Olfr186,OR5H18
313,ENSMUSG00000074946,Olfr1313,OR4F60
314,ENSMUSG00000032987,Olfr281,OR8S8
315,ENSMUSG00000073948,Olfr608,OR52AE7
316,ENSMUSG00000047868,Olfr770,OR6C201
317,ENSMUSG00000075174,Olfr1087,OR8K3B
318,ENSMUSG00000094426,Olfr478,OR5P6
319,ENSMUSG00000053251,Olfr212,OR6D12
320,ENSMUSG00000095608,Olfr247,OR10U3
321,ENSMUSG00000066242,Olfr467,OR5P5
322,ENSMUSG00000063842,Olfr862,OR7E170
323,ENSMUSG00000046300,Olfr1412,OR9S27
324,ENSMUSG00000091601,Olfr93,OR2H1B
325,ENSMUSG00000051156,Olfr1491,OR10Q1B
326,ENSMUSG00000073966,Olfr561,OR51F5
327,ENSMUSG00000090874,Olfr733,OR4N4B
328,ENSMUSG00000058981,Olfr1406,OR10J7
329,ENSMUSG00000059874,Olfr603,OR52E19B
330,ENSMUSG00000047716,Olfr736,OR11J4
331,ENSMUSG00000073970,Olfr555,OR51H1
332,ENSMUSG00000062712,Olfr531,OR2J6
333,ENSMUSG00000075088,Olfr1239,OR4A2
334,ENSMUSG00000068950,Olfr338,OR1J10
335,ENSMUSG00000093866,Olfr802,OR6C1
336,ENSMUSG00000044040,Olfr1497,OR9Q2
337,ENSMUSG00000053391,Olfr211,OR13A1
338,ENSMUSG00000059887,Olfr1507,OR4E5
339,ENSMUSG00000054036,Olfr279,OR11M3
340,ENSMUSG00000078420,Olfr141,OR5T18
341,ENSMUSG00000043892,Olfr1018,OR2AH1
342,ENSMUSG00000059319,Olfr295,OR14C41
343,ENSMUSG00000050803,Olfr866,OR7E173
344,ENSMUSG00000073914,Olfr677,OR52E4
345,ENSMUSG00000049758,Olfr1318,OR4F62
346,ENSMUSG00000063780,Olfr282,OR8S10
347,ENSMUSG00000070417,Olfr2,OR6A2
348,ENSMUSG00000043948,Olfr691,OR52B2
349,ENSMUSG00000063582,Olfr666,OR52N2
350,ENSMUSG00000075072,Olfr48,OR4C58
351,ENSMUSG00000063350,Olfr874,OR8B12
352,ENSMUSG00000073915,Olfr676,OR52E7
353,ENSMUSG00000048356,Olfr1496,OR1S2
354,ENSMUSG00000095156,Olfr1281,OR4K37
355,ENSMUSG00000059910,Olfr1265,OR4X11
356,ENSMUSG00000056184,Olfr283,OR8S2
357,ENSMUSG00000096289,Olfr1484,OR5B122
358,ENSMUSG00000075066,Olfr32,OR4B1D
359,ENSMUSG00000066239,Olfr519,OR10A3N
360,ENSMUSG00000059087,Olfr698,OR2AG16
361,ENSMUSG00000100899,Olfr1167,OR5D39
362,ENSMUSG00000095212,Olfr473,OR5P53
363,ENSMUSG00000073900,Olfr704,OR2AG20
364,ENSMUSG00000066269,Olfr575,OR51A6
365,ENSMUSG00000111174,Olfr1240,OR4A68
366,ENSMUSG00000044994,Olfr1426,OR4D10C
367,ENSMUSG00000090097,Olfr1182,OR4P21
368,ENSMUSG00000074952,Olfr1308,OR4F57
369,ENSMUSG00000054940,Olfr137,OR2J3
370,ENSMUSG00000110008,Olfr560,OR51F23B
371,ENSMUSG00000061520,Olfr153,OR5W22
372,ENSMUSG00000066241,Olfr514,OR10A48
373,ENSMUSG00000094535,Olfr850,OR7G32
374,ENSMUSG00000110526,Olfr151,OR8A1
375,ENSMUSG00000075061,Olfr1272,OR4B1B
376,ENSMUSG00000048456,Olfr1448,OR5B12
377,ENSMUSG00000063386,Olfr1387,OR2Y15
378,ENSMUSG00000084336,Olfr1269,OR4X6
379,ENSMUSG00000057444,Olfr915,OR8B1D
380,ENSMUSG00000081649,Olfr213,OR6D13
381,ENSMUSG00000094970,Olfr943,OR8G26
382,ENSMUSG00000074966,Olfr1275,OR4F52
383,ENSMUSG00000093934,Olfr971,OR8G2B
384,ENSMUSG00000094588,Olfr898,OR8C20
385,ENSMUSG00000063764,Olfr508,OR5P80
386,ENSMUSG00000096794,Olfr905,OR8B1C
387,ENSMUSG00000060583,Olfr881,OR8B35
388,ENSMUSG00000096584,Olfr611,OR51AA5
389,ENSMUSG00000058662,Olfr69,OR52A5B
390,ENSMUSG00000095839,Olfr965,OR8G52
391,ENSMUSG00000063881,Olfr376,OR1E1C
392,ENSMUSG00000059864,Olfr1393,OR2Y1G
393,ENSMUSG00000062914,Olfr777,OR6C207
394,ENSMUSG00000044293,Olfr794,OR6C88
395,ENSMUSG00000094449,Olfr972,OR8G55
396,ENSMUSG00000073950,Olfr599,OR52AB4
397,ENSMUSG00000050198,Olfr768,OR6C38
398,ENSMUSG00000063615,Olfr64,OR51B17
399,ENSMUSG00000075194,Olfr1049,OR8K18
400,ENSMUSG00000075141,Olfr1160,OR9M1B
401,ENSMUSG00000042863,Olfr1026,OR5M13B
402,ENSMUSG00000047225,Olfr684,OR56A4
403,ENSMUSG00000049362,Olfr173,OR5K1
404,ENSMUSG00000050853,Olfr958,OR10D3
405,ENSMUSG00000094192,Olfr452,OR2F2
406,ENSMUSG00000075161,Olfr1109,OR5AQ6
407,ENSMUSG00000075171,Olfr1095,OR5T15
408,ENSMUSG00000050215,Olfr70,OR13E8
409,ENSMUSG00000075073,Olfr1256,OR4A47
410,ENSMUSG00000064252,Olfr329,OR2T29
411,ENSMUSG00000094673,Olfr1354,OR7A38
412,ENSMUSG00000064121,Olfr96,OR11A4
413,ENSMUSG00000109835,Olfr730,OR4K2
414,ENSMUSG00000049372,Olfr1183,OR4C31
415,ENSMUSG00000055033,Olfr420,OR6K2
416,ENSMUSG00000073947,Olfr615,OR51AH3
417,ENSMUSG00000051706,Olfr1325,OR13AE2
418,ENSMUSG00000096708,Olfr1475,OR5B119
419,ENSMUSG00000069390,Olfr707,OR2D3
420,ENSMUSG00000070379,Olfr402,OR3A1C
421,ENSMUSG00000095312,Olfr382,OR1E23
422,ENSMUSG00000063216,Olfr1351,OR7A35
423,ENSMUSG00000044286,Olfr221,OR5AU1
424,ENSMUSG00000073110,Olfr444,OR2A56
425,ENSMUSG00000075172,Olfr1090,OR8K40
426,ENSMUSG00000075121,Olfr1195,OR4C103
427,ENSMUSG00000060205,Olfr57,OR7A41
428,ENSMUSG00000060017,Olfr121,OR10AL5
429,ENSMUSG00000058251,Olfr822,OR6C69C
430,ENSMUSG00000060112,Olfr60,OR13A27
431,ENSMUSG00000042801,Olfr769,OR6C2B
432,ENSMUSG00000111567,Olfr1251,OR4A78
433,ENSMUSG00000056853,Olfr765,OLFR765
434,ENSMUSG00000109354,Olfr706,OR2AG2
435,ENSMUSG00000075137,Olfr1163,OR5D36
436,ENSMUSG00000059862,Olfr826,OR9K2B
437,ENSMUSG00000109884,Olfr490,OR5P66
438,ENSMUSG00000073906,Olfr692,OR52W1
439,ENSMUSG00000063660,Olfr98,OR1O3
440,ENSMUSG00000047352,Olfr976,OR10D5J
441,ENSMUSG00000037924,Olfr16,OR10J5
442,ENSMUSG00000062878,Olfr298,OR14A257
443,ENSMUSG00000042909,Olfr648,OR52H1
444,ENSMUSG00000094200,Olfr237,OR2A14
445,ENSMUSG00000075093,Olfr1231,OR4C1
446,ENSMUSG00000101918,Olfr1225,OR4C120
447,ENSMUSG00000040328,Olfr56,OR2V1
448,ENSMUSG00000110970,Olfr156,OR13C7B
449,ENSMUSG00000045581,Olfr710,OR2D4
450,ENSMUSG00000094891,Olfr55,OR10H1B
451,ENSMUSG00000074965,Olfr1277,OR4K35
452,ENSMUSG00000075092,Olfr1232,OR4C124
453,ENSMUSG00000056863,Olfr702,OR13N4
454,ENSMUSG00000051118,Olfr77,OR7D10
455,ENSMUSG00000075186,Olfr1058,OR8K24
456,ENSMUSG00000051182,Olfr655,OR52AC1
457,ENSMUSG00000056921,Olfr394,OR1E34
458,ENSMUSG00000095322,Olfr957,OR8G36
459,ENSMUSG00000045126,Olfr1445,OR5B12B
460,ENSMUSG00000049737,Olfr1361,OR2W6
461,ENSMUSG00000061000,Olfr507,OR5P79
462,ENSMUSG00000043087,Olfr855,OR7G35
463,ENSMUSG00000052818,Olfr813,OR6C76B
464,ENSMUSG00000094295,Olfr819,OR10U4
465,ENSMUSG00000044824,Olfr545,OR55B10
466,ENSMUSG00000110253,Olfr495,OR5P70
467,ENSMUSG00000059397,Olfr54,OR1X2
468,ENSMUSG00000056600,Olfr90,OR2H2
469,ENSMUSG00000060974,Olfr530,OR12J3
470,ENSMUSG00000046790,Olfr1341,OR13P3
471,ENSMUSG00000049011,Olfr729,OR4K5
472,ENSMUSG00000073997,Olfr521,OR2AT1
473,ENSMUSG00000067529,Olfr1423,OR4D11
474,ENSMUSG00000073998,Olfr520,OR2AT4
475,ENSMUSG00000054498,Olfr308,OR6F1
476,ENSMUSG00000061626,Olfr68,OR52A5
477,ENSMUSG00000090894,Olfr110,OR5V1
478,ENSMUSG00000050085,Olfr622,OR52A33
479,ENSMUSG00000050343,Olfr1378,OR1AD6
480,ENSMUSG00000071522,Olfr263,OR2W1
481,ENSMUSG00000045150,Olfr1161,OR5D35
482,ENSMUSG00000096228,Olfr5,OR6Z7
483,ENSMUSG00000075150,Olfr1137,OR5W14
484,ENSMUSG00000111179,Olfr996,OR5G27
485,ENSMUSG00000048919,Olfr223,OR2AA1
486,ENSMUSG00000075069,Olfr1264,OR4C3
487,ENSMUSG00000075199,Olfr52,OR8U8
488,ENSMUSG00000094531,Olfr671,OR52E8
489,ENSMUSG00000073937,Olfr633,OR51K2
490,ENSMUSG00000095401,Olfr804,OR6C6C
491,ENSMUSG00000066240,Olfr517,OR10A49
492,ENSMUSG00000075211,Olfr1006,OR9G4
493,ENSMUSG00000047444,Olfr139,OR3A10
494,ENSMUSG00000095286,Olfr117,OR2G25
495,ENSMUSG00000073931,Olfr646,OR52D1
496,ENSMUSG00000049806,Olfr466,OR9S18
497,ENSMUSG00000064044,Olfr319,OR2AK6
498,ENSMUSG00000110171,Olfr484,OR5P60
499,ENSMUSG00000094747,Olfr1307,OR4F14B
500,ENSMUSG00000111747,Olfr1134,OR5W1
501,ENSMUSG00000068817,Olfr1140,OR5W16
502,ENSMUSG00000096747,Olfr823,OR9R3
503,ENSMUSG00000094612,Olfr491,OR5P1
504,ENSMUSG00000111611,Olfr157,OR13C7C
505,ENSMUSG00000094810,Olfr907,OR8B44
506,ENSMUSG00000075085,Olfr1242,OR4A70
507,ENSMUSG00000045395,Olfr1499,OR9I14
508,ENSMUSG00000049843,Olfr1102,OR5T17
509,ENSMUSG00000073954,Olfr594,OR52E3
510,ENSMUSG00000066122,Olfr45,OR13A17
511,ENSMUSG00000075380,Olfr355,OR1L8
512,ENSMUSG00000044454,Olfr867,OR7D11
513,ENSMUSG00000044487,Olfr1112,OR12E1
514,ENSMUSG00000049217,Olfr788,OR6C3
515,ENSMUSG00000062892,Olfr1450,OR5B98
516,ENSMUSG00000062105,Olfr183,OR5H17
517,ENSMUSG00000045708,Olfr447,OR2A25
518,ENSMUSG00000048101,Olfr19,OR7A40
519,ENSMUSG00000075155,Olfr1133,OR5W1B
520,ENSMUSG00000050788,Olfr419,OR10Z1
521,ENSMUSG00000059251,Olfr345,OR1J16
522,ENSMUSG00000056281,Olfr1322,OR11N2
523,ENSMUSG00000093920,Olfr463,OR4D2
524,ENSMUSG00000048226,Olfr1212,OR4C107
525,ENSMUSG00000058188,Olfr746,OR11H7
526,ENSMUSG00000073913,Olfr678,OR52E5
527,ENSMUSG00000058014,Olfr502,OR5P76
528,ENSMUSG00000095075,Olfr782,OR6C6
529,ENSMUSG00000063380,Olfr945,OR8G28
530,ENSMUSG00000094464,Olfr339,OR1J11
531,ENSMUSG00000061984,Olfr392,OR1E32
532,ENSMUSG00000109951,Olfr601,OR52S19
533,ENSMUSG00000057817,Olfr1446,OR5B96
534,ENSMUSG00000070856,Olfr1115,OR10AG53
535,ENSMUSG00000095138,Olfr781,OR6C35
536,ENSMUSG00000057270,Olfr1501,OR9I2
537,ENSMUSG00000054236,Olfr481,OR5P4
538,ENSMUSG00000094182,Olfr937,OR8G23
539,ENSMUSG00000049315,Olfr348,OR1J19
540,ENSMUSG00000067519,Olfr262,OR5AN1C
541,ENSMUSG00000089892,Olfr1199,OR4C104
542,ENSMUSG00000095187,Olfr1381,OR2Y11
543,ENSMUSG00000043226,Olfr1009,OR5G9
544,ENSMUSG00000029184,Olfr109,OR12D17
545,ENSMUSG00000066061,Olfr1335,OR10AK12
546,ENSMUSG00000044798,Olfr923,OR8B56
547,ENSMUSG00000095239,Olfr497,OR5P72
548,ENSMUSG00000108931,Olfr1284,OR4G17
549,ENSMUSG00000064006,Olfr190,OR5H22
550,ENSMUSG00000049573,Olfr780,OR6C68
551,ENSMUSG00000059504,Olfr314,OR2T44
552,ENSMUSG00000073965,Olfr568,OR51F2
553,ENSMUSG00000043385,Olfr267,OR2K2
554,ENSMUSG00000048693,Olfr435,OR2A51
555,ENSMUSG00000069998,Olfr372,OR2Z8
556,ENSMUSG00000054526,Olfr1500,OR9Q1
557,ENSMUSG00000043357,Olfr187,OR5H19
558,ENSMUSG00000066257,Olfr206,OR5AC24
559,ENSMUSG00000048173,Olfr1324,OR1AA2
560,ENSMUSG00000075223,Olfr987,OR5AK4
561,ENSMUSG00000095095,Olfr385,OR1E26
562,ENSMUSG00000059964,Olfr119,OR10AL3
563,ENSMUSG00000095527,Olfr888,OR8B101
564,ENSMUSG00000073979,Olfr547,OR52B4
565,ENSMUSG00000075196,Olfr1047,OR8K3
566,ENSMUSG00000056946,Olfr512,OR10A3M
567,ENSMUSG00000062873,Olfr1355,OR7A39
568,ENSMUSG00000096555,Olfr944,OR8G27
569,ENSMUSG00000057447,Olfr1205,OR4C11C
570,ENSMUSG00000075111,Olfr1213,OR4C108
571,ENSMUSG00000060688,Olfr292,OR14C39
572,ENSMUSG00000043383,Olfr1342,OR13P4
573,ENSMUSG00000075105,Olfr1218,OR4C113
574,ENSMUSG00000075113,Olfr1209,OR4C29
575,ENSMUSG00000057461,Olfr591,OR52S1B
576,ENSMUSG00000073901,Olfr703,OR2AG19
577,ENSMUSG00000070380,Olfr401,OR3A1B
578,ENSMUSG00000057207,Olfr1028,OR5M11
579,ENSMUSG00000109813,Olfr1279,OR4G16
580,ENSMUSG00000046975,Olfr1020,OR5AP2
581,ENSMUSG00000075378,Olfr361,OR12K8
582,ENSMUSG00000110947,Olfr1333,OR10AK11
583,ENSMUSG00000042774,Olfr1353,OR7A37
584,ENSMUSG00000062757,Olfr1206,OR4C11
585,ENSMUSG00000109219,Olfr1299,OR4K49
586,ENSMUSG00000053287,Olfr1013,OR9G19
587,ENSMUSG00000075219,Olfr994,OR5AK24
588,ENSMUSG00000071764,Olfr1320,OR11Q2
589,ENSMUSG00000094347,Olfr784,OR6C208
590,ENSMUSG00000075097,Olfr1226,OR4C121
591,ENSMUSG00000063844,Olfr1276,OR4F53
592,ENSMUSG00000061039,Olfr920,OR8B53
593,ENSMUSG00000044560,Olfr1302,OR4K52
594,ENSMUSG00000043312,Olfr131,OR2Y3
595,ENSMUSG00000096705,Olfr1329,OR10AK8
596,ENSMUSG00000067186,Olfr132,OR2H15
597,ENSMUSG00000066899,Olfr870,OR8B12I
598,ENSMUSG00000062434,Olfr516,OR10A3B
599,ENSMUSG00000075143,Olfr1157,OR5L14
600,ENSMUSG00000096069,Olfr61,OR13A28
601,ENSMUSG00000063994,Olfr120,OR10AL4
602,ENSMUSG00000075151,Olfr1136,OR5W13
603,ENSMUSG00000048996,Olfr1366,OR1F12
604,ENSMUSG00000057654,Olfr328,OR2T47
605,ENSMUSG00000058275,Olfr412,OR1D2
606,ENSMUSG00000044120,Olfr683,OR56A5
607,ENSMUSG00000058513,Olfr801,OR6C211
608,ENSMUSG00000082882,Olfr1186,OR4C100
609,ENSMUSG00000109322,Olfr1283,OR4K77
610,ENSMUSG00000058084,Olfr825,OR9K2
611,ENSMUSG00000110804,Olfr1084,OR8K37
612,ENSMUSG00000096229,Olfr774,OR6C5
613,ENSMUSG00000075062,Olfr1271,OR4B12
614,ENSMUSG00000050815,Olfr1441,OR5A3
615,ENSMUSG00000058244,Olfr506,OR5P78
616,ENSMUSG00000044025,Olfr790,OR6C75
617,ENSMUSG00000054666,Olfr63,OR10H28
618,ENSMUSG00000050366,Olfr524,OR6B13
619,ENSMUSG00000057564,Olfr1508,OR4E1
620,ENSMUSG00000070421,Olfr658,OR52N4
621,ENSMUSG00000107711,Olfr320,OR2AK7
622,ENSMUSG00000075198,Olfr1045,OR8J3
623,ENSMUSG00000049015,Olfr1467,OR5B113
624,ENSMUSG00000075221,Olfr992,OR5AK22
625,ENSMUSG00000048810,Olfr202,OR5AC20
626,ENSMUSG00000055820,Olfr967,OR8G4
627,ENSMUSG00000067526,Olfr1425,OR4D10
628,ENSMUSG00000060030,Olfr317,OR2W3B
629,ENSMUSG00000061295,Olfr1261,OR4C126
630,ENSMUSG00000073974,Olfr551,OR52P2
631,ENSMUSG00000059379,Olfr1014,OR9G8
632,ENSMUSG00000057903,Olfr739,OR11G24
633,ENSMUSG00000046643,Olfr218,OR10J3
634,ENSMUSG00000050742,Olfr164,OR2M12
635,ENSMUSG00000050654,Olfr215,OR6D15
636,ENSMUSG00000062272,Olfr1129,OR10AG59
637,ENSMUSG00000049168,Olfr449,OR6B1
638,ENSMUSG00000094755,Olfr1453,OR5B101
639,ENSMUSG00000057149,Olfr1301,OR4K51
640,ENSMUSG00000095218,Olfr1338,OR10AK14
641,ENSMUSG00000051190,Olfr1356,OR7C70
642,ENSMUSG00000044705,Olfr670,OR52E18
643,ENSMUSG00000067971,Olfr1321,OR5O1
644,ENSMUSG00000070855,Olfr1116,OR10AG54
645,ENSMUSG00000044814,Olfr543,OR55B3
646,ENSMUSG00000095903,Olfr968,OR8G53
647,ENSMUSG00000111869,Olfr342,OR1J14
648,ENSMUSG00000095483,Olfr776,OR6C206
649,ENSMUSG00000094745,Olfr954,OR8G34
650,ENSMUSG00000044897,Olfr821,OR6C74
651,ENSMUSG00000111448,Olfr912,OR8B48
652,ENSMUSG00000061210,Olfr47,OR2A57
653,ENSMUSG00000073972,Olfr553,OR52M2
654,ENSMUSG00000095390,Olfr229,OR8G2
655,ENSMUSG00000066897,Olfr872,OR7E176
656,ENSMUSG00000057464,Olfr1415,OR6B2B
657,ENSMUSG00000094539,Olfr191,OR5H23
658,ENSMUSG00000073944,Olfr619,OR52Z14
659,ENSMUSG00000108995,Olfr485,OR5P61
660,ENSMUSG00000075102,Olfr1221,OR4C116
661,ENSMUSG00000059134,Olfr814,OR6C70
662,ENSMUSG00000094701,Olfr916,OR8B51
663,ENSMUSG00000095030,Olfr1513,OR10G3B
664,ENSMUSG00000035626,Olfr1509,OR4E2
665,ENSMUSG00000050015,Olfr350,OR1J4
666,ENSMUSG00000061489,Olfr525,OR13A19
667,ENSMUSG00000057349,Olfr948,OR8G30
668,ENSMUSG00000083706,Olfr1118,OR10AG56
669,ENSMUSG00000075201,Olfr1043,OR5AL7
670,ENSMUSG00000045812,Olfr984,OR4D5
671,ENSMUSG00000062793,Olfr1158,OR9M2
672,ENSMUSG00000052182,Olfr849,OR7G30
673,ENSMUSG00000045883,Olfr1461,OR5B107
674,ENSMUSG00000062186,Olfr395,OR1E35
675,ENSMUSG00000110879,Olfr1010,OR9G10
676,ENSMUSG00000036647,Olfr6,OR6B9
677,ENSMUSG00000075209,Olfr1016,OR9G20
678,ENSMUSG00000051424,Olfr1184,OR4P22
679,ENSMUSG00000095929,Olfr487,OR5P63
680,ENSMUSG00000063867,Olfr1511,OR10G1B
681,ENSMUSG00000094063,Olfr638,OR51Q1C
682,ENSMUSG00000039608,Olfr303,OR6AA1
683,ENSMUSG00000073922,Olfr659,OR52N20
684,ENSMUSG00000110621,Olfr837,OR7G22
685,ENSMUSG00000066905,Olfr860,OR7E169
686,ENSMUSG00000075387,Olfr341,OR1J13
687,ENSMUSG00000073952,Olfr597,OR52AB2
688,ENSMUSG00000075156,Olfr1128,OR5W10
689,ENSMUSG00000060480,Olfr171,OR2AJ6
690,ENSMUSG00000062527,Olfr1408,OR10J27
691,ENSMUSG00000063116,Olfr410,OR3A1
692,ENSMUSG00000047039,Olfr1151,OR5W8
693,ENSMUSG00000052508,Olfr536,OR12J5
694,ENSMUSG00000075107,Olfr1216,OR4C111
695,ENSMUSG00000094858,Olfr1297,OR4K47
696,ENSMUSG00000034583,Olfr1347,OR6Z6
697,ENSMUSG00000070820,Olfr1339,OR13P5
698,ENSMUSG00000052012,Olfr796,OR10P1
699,ENSMUSG00000108114,Olfr800,OR6C210
700,ENSMUSG00000070438,Olfr313,OR5AF2
701,ENSMUSG00000094764,Olfr346,OR1J17
702,ENSMUSG00000094380,Olfr904,OR8B1B
703,ENSMUSG00000063120,Olfr480,OR5P57
704,ENSMUSG00000063394,Olfr293,OR14C40
705,ENSMUSG00000071510,Olfr172,OR5K1B
706,ENSMUSG00000075212,Olfr154,OR5G26
707,ENSMUSG00000046450,Olfr71,OR13J1
708,ENSMUSG00000060759,Olfr503,OR52N4B
709,ENSMUSG00000094254,Olfr969,OR8G54
710,ENSMUSG00000060335,Olfr384,OR1E25
711,ENSMUSG00000075176,Olfr1085,OR8K38
712,ENSMUSG00000094822,Olfr243,OR52A20
713,ENSMUSG00000058114,Olfr127,OR14J6
714,ENSMUSG00000057801,Olfr135,OR2N1C
715,ENSMUSG00000075208,Olfr1019,OR5AR1
716,ENSMUSG00000059595,Olfr935,OR8G21
717,ENSMUSG00000109801,Olfr1316,OR4F14D
718,ENSMUSG00000051593,Olfr272,OR13C25
719,ENSMUSG00000063020,Olfr194,OR5AC15
720,ENSMUSG00000096822,Olfr344,OR1J15
721,ENSMUSG00000058200,Olfr66,OR51B4
722,ENSMUSG00000063827,Olfr1382,OR2Y12
723,ENSMUSG00000094353,Olfr150,OR8G50
724,ENSMUSG00000073956,Olfr592,OR52J3
725,ENSMUSG00000073971,Olfr554,OR52M1
726,ENSMUSG00000058904,Olfr1413,OR9S23
727,ENSMUSG00000096436,Olfr1437,OR5AN1B
728,ENSMUSG00000047050,Olfr914,OR8B50
729,ENSMUSG00000045381,Olfr433,OR10AA1
730,ENSMUSG00000099687,Olfr623,OR51B6B
731,ENSMUSG00000075188,Olfr1056,OR8K23
732,ENSMUSG00000075197,Olfr1046,OR8K1
733,ENSMUSG00000069430,Olfr9,OR10P22
734,ENSMUSG00000070943,Olfr356,OR1AK2
735,ENSMUSG00000094678,Olfr857,OR7E166
736,ENSMUSG00000096773,Olfr675,OR52E8B
737,ENSMUSG00000095484,Olfr1480,OR5B121
738,ENSMUSG00000045421,Olfr1390,OR2Y17
739,ENSMUSG00000048080,Olfr731,OR4K6
740,ENSMUSG00000043267,Olfr1031,OR5M8
741,ENSMUSG00000055838,Olfr357,OR1Q1
742,ENSMUSG00000072707,Olfr31,OR2T1
743,ENSMUSG00000049280,Olfr509,OR10AB5
744,ENSMUSG00000062042,Olfr294,OR14A256
745,ENSMUSG00000051362,Olfr589,OR52E2
746,ENSMUSG00000047149,Olfr1052,OR5J3
747,ENSMUSG00000051611,Olfr112,OR14J9
748,ENSMUSG00000110819,Olfr1252,OR4A79
749,ENSMUSG00000107645,Olfr1380,OR2Y10
750,ENSMUSG00000061616,Olfr12,OR9S13
751,ENSMUSG00000045474,Olfr1368,OR2AD1
752,ENSMUSG00000095696,Olfr786,OR6C1B
753,ENSMUSG00000052417,Olfr720,OR2T6
754,ENSMUSG00000092292,Olfr113,OR14J2
755,ENSMUSG00000094488,Olfr393,OR1E33
756,ENSMUSG00000051793,Olfr284,OR8S5
757,ENSMUSG00000075090,Olfr1234,OR4A15
758,ENSMUSG00000075115,Olfr1200,OR4A67
759,ENSMUSG00000059030,Olfr128,OR14J7
760,ENSMUSG00000070460,Olfr291,OR5AE2
761,ENSMUSG00000049797,Olfr642,OR51A10
762,ENSMUSG00000096356,Olfr889,OR8B40
763,ENSMUSG00000071629,Olfr1477,OR5B120
764,ENSMUSG00000074947,Olfr1312,OR4F59
765,ENSMUSG00000051051,Olfr523,OR6F2
766,ENSMUSG00000066268,Olfr586,OR51A5
767,ENSMUSG00000096465,Olfr488,OR5P64
768,ENSMUSG00000063221,Olfr930,OR8D23
769,ENSMUSG00000111021,Olfr50,OR1J21
770,ENSMUSG00000051591,Olfr697,OR2AG15
771,ENSMUSG00000059366,Olfr959,OR10D1
772,ENSMUSG00000096068,Olfr486,OR5P62
773,ENSMUSG00000096409,Olfr890,OR8B41
774,ENSMUSG00000075079,Olfr1249,OR4A76
775,ENSMUSG00000058659,Olfr58,OR7E165
776,ENSMUSG00000075181,Olfr1066,OR8K28
777,ENSMUSG00000108265,Olfr318,OR2AK5
778,ENSMUSG00000061798,Olfr1204,OR4C106
779,ENSMUSG00000070821,Olfr1340,OR13P8
780,ENSMUSG00000073960,Olfr583,OR51F1D
781,ENSMUSG00000100016,Olfr1215,OR4C110
782,ENSMUSG00000057503,Olfr1459,OR5B106
783,ENSMUSG00000096169,Olfr1564,OLFR1564
784,ENSMUSG00000090631,Olfr456,OR2R2
785,ENSMUSG00000057890,Olfr1375,OR1X6
786,ENSMUSG00000061342,Olfr1168,OR5D40
787,ENSMUSG00000061961,Olfr815,OR6C217
788,ENSMUSG00000111454,Olfr998,OR5G29
789,ENSMUSG00000046881,Olfr374,OR1AB2
790,ENSMUSG00000109542,Olfr470,OR5P51
791,ENSMUSG00000096209,Olfr510,OR5P81
792,ENSMUSG00000043366,Olfr78,OR51E2
793,ENSMUSG00000111689,Olfr1082,OR8K35
794,ENSMUSG00000068431,Olfr742,OR11G26
795,ENSMUSG00000096220,Olfr775,OR6C205
796,ENSMUSG00000050776,Olfr1317,OR4F47
797,ENSMUSG00000057067,Olfr297,OR14C45
798,ENSMUSG00000096427,Olfr895,OR8C17
799,ENSMUSG00000050158,Olfr165,OR2M13
800,ENSMUSG00000051528,Olfr424,OR6K4
801,ENSMUSG00000075144,Olfr1156,OR5L13
802,ENSMUSG00000048391,Olfr843,OR7G25
803,ENSMUSG00000070875,Olfr1100,OR8H10
804,ENSMUSG00000055571,Olfr305,OR14A259
805,ENSMUSG00000061165,Olfr160,OR8A1B
806,ENSMUSG00000075074,Olfr1254,OR4A81
807,ENSMUSG00000045202,Olfr123,OR2G1
808,ENSMUSG00000095917,Olfr740,OR11G7
809,ENSMUSG00000053146,Olfr352,OR1J20
810,ENSMUSG00000075086,Olfr1241,OR4A69
811,ENSMUSG00000051680,Olfr693,OR2AG12
812,ENSMUSG00000062629,Olfr114,OR14J3
813,ENSMUSG00000046272,Olfr1444,OR5B21
814,ENSMUSG00000061614,Olfr845,OR7G27
815,ENSMUSG00000109487,Olfr1298,OR4K48
816,ENSMUSG00000059873,Olfr1029,OR5M11B
817,ENSMUSG00000045132,Olfr620,OR51V14
818,ENSMUSG00000049028,Olfr873,OR7E177
819,ENSMUSG00000067064,Olfr1416,OR6B2
820,ENSMUSG00000068816,Olfr152,OR5I1
821,ENSMUSG00000093877,Olfr1348,OR6Z1
822,ENSMUSG00000051414,Olfr829,OR7G17
823,ENSMUSG00000075095,Olfr1229,OR4C15B
824,ENSMUSG00000060114,Olfr910,OR8B46
825,ENSMUSG00000070423,Olfr558,OR51E1
826,ENSMUSG00000047545,Olfr629,OR52AE9
827,ENSMUSG00000059023,Olfr1201,OR4C11B
828,ENSMUSG00000050818,Olfr330,OR2T48
829,ENSMUSG00000046150,Olfr918,OR8B3B
830,ENSMUSG00000075170,Olfr1097,OR8H7
831,ENSMUSG00000062142,Olfr569,OR52R1
832,ENSMUSG00000047626,Olfr791,OR6C2
833,ENSMUSG00000073926,Olfr653,OR52D3
834,ENSMUSG00000051952,Olfr371,OR7C19
835,ENSMUSG00000096029,Olfr679,OR56A3
836,ENSMUSG00000091983,Olfr457,OR2R3
837,ENSMUSG00000060827,Olfr1193,OR4S2B
838,ENSMUSG00000061367,Olfr771,OR6C202
839,ENSMUSG00000049334,Olfr902,OR8B43
840,ENSMUSG00000068819,Olfr1131,OR5W11
841,ENSMUSG00000045341,Olfr167,OR2L5
842,ENSMUSG00000059460,Olfr286,OR10AD1B
843,ENSMUSG00000059473,Olfr979,OR10G9
844,ENSMUSG00000060888,Olfr566,OR51F1
845,ENSMUSG00000095377,Olfr91,OR2H1
846,ENSMUSG00000075146,Olfr1154,OR9M1
847,ENSMUSG00000091873,Olfr732,OR4N4
848,ENSMUSG00000071065,Olfr806,OR6C213
849,ENSMUSG00000102091,Olfr1034,OR5M9
850,ENSMUSG00000075084,Olfr1243,OR4A71
851,ENSMUSG00000075078,Olfr1250,OR4A77
852,ENSMUSG00000094778,Olfr143,OR8C8
853,ENSMUSG00000068647,Olfr1278,OR4F54
854,ENSMUSG00000089717,Olfr275,OR13F5
855,ENSMUSG00000095002,Olfr798,OR6C66
856,ENSMUSG00000094269,Olfr951,OR8G32
857,ENSMUSG00000057424,Olfr934,OR10D1C
858,ENSMUSG00000049648,Olfr273,OR13C3
859,ENSMUSG00000094422,Olfr205,OR5AC23
860,ENSMUSG00000043274,Olfr1123,OR10AG2
861,ENSMUSG00000043605,Olfr13,OR2A7
862,ENSMUSG00000050128,Olfr1023,OR5M10
863,ENSMUSG00000078624,Olfr613,OR51AB3
864,ENSMUSG00000096320,Olfr1471,OR5B116
865,ENSMUSG00000094119,Olfr612,OR51AA2
866,ENSMUSG00000047048,Olfr432,OR10AA3
867,ENSMUSG00000051046,Olfr214,OR6D14
868,ENSMUSG00000043880,Olfr323,OR11L3
869,ENSMUSG00000094734,Olfr799,OR6C209
870,ENSMUSG00000062245,Olfr170,OR2AJ5
871,ENSMUSG00000058692,Olfr846,OR7G28
872,ENSMUSG00000073951,Olfr598,OR52AB7
873,ENSMUSG00000058802,Olfr97,OR1O2
874,ENSMUSG00000043827,Olfr94,OR2I1
875,ENSMUSG00000055610,Olfr307,OR14A260
876,ENSMUSG00000063374,Olfr763,OR10P21
877,ENSMUSG00000059136,Olfr539,OR13A25
878,ENSMUSG00000096516,Olfr628,OR52A24
879,ENSMUSG00000048745,Olfr820,OR6C33
880,ENSMUSG00000045013,Olfr711,OR6B6
881,ENSMUSG00000075165,Olfr1105,OR5BE3
882,ENSMUSG00000075119,Olfr1197,OR4A27
883,ENSMUSG00000055971,Olfr378,OR1E19
884,ENSMUSG00000075142,Olfr74,OR5D47
885,ENSMUSG00000094878,Olfr130,OR2G7
886,ENSMUSG00000096254,Olfr724,OR4L15
887,ENSMUSG00000070382,Olfr391,OR1E31
888,ENSMUSG00000048501,Olfr938,OR8G24
889,ENSMUSG00000056883,Olfr533,OR12J4
890,ENSMUSG00000075132,Olfr1173,OR5D43
891,ENSMUSG00000073938,Olfr632,OR51AI2
892,ENSMUSG00000100923,Olfr10,OR2Y1B
893,ENSMUSG00000094986,Olfr1454,OR5B102
894,ENSMUSG00000060878,Olfr1420,OR10V1
895,ENSMUSG00000109824,Olfr643,4930516K23RIK
896,ENSMUSG00000075179,Olfr1079,OR8K32
897,ENSMUSG00000044029,Olfr178,OR5K15
898,ENSMUSG00000056959,Olfr315,OR2T45
899,ENSMUSG00000045678,Olfr1489,OR5B124
900,ENSMUSG00000075117,Olfr1198,OR4P23
901,ENSMUSG00000111715,Olfr1246,OR4A73
902,ENSMUSG00000073945,Olfr618,OR52Z13
903,ENSMUSG00000059867,Olfr960,OR10D4B
904,ENSMUSG00000058071,Olfr818,OR6C219
905,ENSMUSG00000050030,Olfr728,OR4K1
906,ENSMUSG00000075145,Olfr1155,OR5D16
907,ENSMUSG00000073962,Olfr576,OR51A7
908,ENSMUSG00000047594,Olfr1122,OR10AG57
909,ENSMUSG00000073963,Olfr572,OR51H5
910,ENSMUSG00000093839,Olfr462,OR4D2B
911,ENSMUSG00000075383,Olfr351,OR1N1
912,ENSMUSG00000073893,Olfr472,OR5P52
913,ENSMUSG00000061457,Olfr871,OR7H8
914,ENSMUSG00000043911,Olfr922,OR8B55
915,ENSMUSG00000043354,Olfr577,OR51G2
916,ENSMUSG00000095804,Olfr824,OR9R7
917,ENSMUSG00000051095,Olfr986,OR6X1
918,ENSMUSG00000062608,Olfr195,OR5K3
919,ENSMUSG00000045306,Olfr734,OR4M1
920,ENSMUSG00000042869,Olfr1370,OR2P2
921,ENSMUSG00000070383,Olfr389,OR1E29
922,ENSMUSG00000109528,Olfr1309,OR4F15
923,ENSMUSG00000080990,Olfr118,OR10AL2
924,ENSMUSG00000052058,Olfr901,OR8B42
925,ENSMUSG00000051509,Olfr414,OR6P1
926,ENSMUSG00000069818,Olfr390,OR1E30
927,ENSMUSG00000033850,Olfr1015,OR9G4B
928,ENSMUSG00000061952,Olfr1377,OR1AD1
929,ENSMUSG00000096566,Olfr1306,OR4F14
930,ENSMUSG00000049073,Olfr985,OR8D4
931,ENSMUSG00000095301,Olfr476,OR5P55
932,ENSMUSG00000096757,Olfr251,OR8C11
933,ENSMUSG00000111732,Olfr785,OR6C5B
934,ENSMUSG00000096695,Olfr196,OR5H26
935,ENSMUSG00000049708,Olfr27,OR8G19
936,ENSMUSG00000059623,Olfr39,OR7D9
937,ENSMUSG00000107573,Olfr1389,OR2Y1D
938,ENSMUSG00000059371,Olfr427,OR6K14
939,ENSMUSG00000110012,Olfr644,OR51A43
940,ENSMUSG00000075104,Olfr1219,OR4C114
941,ENSMUSG00000050772,Olfr1124,OR10AG58
942,ENSMUSG00000070459,Olfr290,OLFR290
943,ENSMUSG00000075168,Olfr1099,OR8H9
944,ENSMUSG00000075189,Olfr1055,OR8K53
945,ENSMUSG00000111159,Olfr1337,OR10AK13
946,ENSMUSG00000111306,Olfr1065,OR8K27
947,ENSMUSG00000094493,Olfr700,OR2AG18
948,ENSMUSG00000075204,Olfr1039,OR5AL5
949,ENSMUSG00000035932,Olfr750,OR6S1
950,ENSMUSG00000108464,Olfr192,OLFR192
951,ENSMUSG00000069816,Olfr23,OR1E17
952,ENSMUSG00000073769,Olfr1331,OR10AK9
953,ENSMUSG00000096714,Olfr699,OR2AG17
954,ENSMUSG00000109020,Olfr197,OLFR197
955,ENSMUSG00000075169,Olfr1098,OR8H8
956,ENSMUSG00000051258,Olfr1362,OR2W4
957,ENSMUSG00000057540,Olfr310,OR14C46
958,ENSMUSG00000059112,Olfr1263,OR4C52
959,ENSMUSG00000073955,Olfr593,OR52S1
960,ENSMUSG00000109659,Olfr605,OR52S6
961,ENSMUSG00000066896,Olfr18,OR7E178
962,ENSMUSG00000107677,Olfr316,OR2AK4
963,ENSMUSG00000047286,Olfr370,OR10K2
964,ENSMUSG00000048378,Olfr1394,OR2O1
965,ENSMUSG00000075214,Olfr1002,OR5G25
966,ENSMUSG00000046041,Olfr803,OR6C3B
967,ENSMUSG00000070378,Olfr403,OR1A1
968,ENSMUSG00000055088,Olfr354,OR1N2
969,ENSMUSG00000078116,Olfr828,OR7G16
970,ENSMUSG00000050251,Olfr809,OR6C76
971,ENSMUSG00000049561,Olfr95,OR10C1
972,ENSMUSG00000096009,Olfr134,OR2N1
973,ENSMUSG00000073907,Olfr689,OR56B35
974,ENSMUSG00000044039,Olfr1288,OR4G7
975,ENSMUSG00000108919,Olfr1295,OR4K45
976,ENSMUSG00000047544,Olfr616,OR51AC3
977,ENSMUSG00000060742,Olfr1076,OR8K30
978,ENSMUSG00000096151,Olfr477,OR5P56
979,ENSMUSG00000072708,Olfr381,OR1E22
980,ENSMUSG00000094805,Olfr311,OR9E1
981,ENSMUSG00000042796,Olfr1032,OR5M3
982,ENSMUSG00000045225,Olfr1152,OR5W19
983,ENSMUSG00000056858,Olfr1502,OR9I1
984,ENSMUSG00000061336,Olfr116,OR14J10
985,ENSMUSG00000059106,Olfr961,OR10D4C
986,ENSMUSG00000083361,Olfr360,OR12K7
987,ENSMUSG00000067545,Olfr1419,OR10Q3
988,ENSMUSG00000052537,Olfr198,OR5AC16
989,ENSMUSG00000075192,Olfr1053,OR8K21
990,ENSMUSG00000075379,Olfr358,OR12K5
991,ENSMUSG00000095194,Olfr936,OLFR936
992,ENSMUSG00000054938,Olfr1346,OR6Z5
993,ENSMUSG00000062987,Olfr715b,OLFR715B
994,ENSMUSG00000054890,Olfr1535,OR2B7
995,ENSMUSG00000049010,Olfr982,OR10S1
996,ENSMUSG00000064110,Olfr963,OR10D4
997,ENSMUSG00000057761,Olfr1022,OR5M10B
998,ENSMUSG00000095586,Olfr1287,OR4K41
999,ENSMUSG00000090629,Olfr180,OR5K16
1000,ENSMUSG00000071000,Olfr155,OR13C7
1001,ENSMUSG00000046913,Olfr1451,OR5B99
1002,ENSMUSG00000101750,Olfr1392,OR2Y1F
1003,ENSMUSG00000047969,Olfr1093,OR5T5
1004,ENSMUSG00000096703,Olfr1286,OR4K40
1005,ENSMUSG00000075158,Olfr1111,OR5AS1
1006,ENSMUSG00000066749,Olfr877,OR8B9
1007,ENSMUSG00000075068,Olfr140,OR4C3D
1008,ENSMUSG00000056564,Olfr324,OR2AB1
1009,ENSMUSG00000073932,Olfr641,OR51I2
1010,ENSMUSG00000075125,Olfr1181,OR4P20
1011,ENSMUSG00000075215,Olfr1000,OR5G23
1012,ENSMUSG00000059411,Olfr434,OR2A20
1013,ENSMUSG00000093901,Olfr893,OR8C15
1014,ENSMUSG00000075187,Olfr1057,OR8J3B
1015,ENSMUSG00000075153,Olfr1135,OR5W12
1016,ENSMUSG00000096840,Olfr136,OR2N1D
1017,ENSMUSG00000075195,Olfr1048,OR8K17
1018,ENSMUSG00000047535,Olfr67,OR52Z1
1019,ENSMUSG00000075193,Olfr1051,OR8K20
1020,ENSMUSG00000075148,Olfr1141,OLFR1141
1021,ENSMUSG00000066748,Olfr145,OR8B8
1022,ENSMUSG00000096424,Olfr885,OR8B38
1023,ENSMUSG00000075149,Olfr1138,OR5W15
1024,ENSMUSG00000075218,Olfr995,OR5AK25
1025,ENSMUSG00000075206,Olfr1024,OR5M12
1026,ENSMUSG00000109631,Olfr494,OR5P69
1027,ENSMUSG00000046486,Olfr231,OR6K6
1028,ENSMUSG00000075075,Olfr1253,OR4A80
1029,ENSMUSG00000099820,Olfr1036,OR5M9B
1030,ENSMUSG00000066747,Olfr878,OR8B4
1031,ENSMUSG00000109449,Olfr1280,OR4K36
1032,ENSMUSG00000043529,Olfr266,OR11I1
1033,ENSMUSG00000063823,Olfr532,OR13A21
1034,ENSMUSG00000075175,Olfr1086,OR5T7
1035,ENSMUSG00000111772,Olfr228,OR8K41
1036,ENSMUSG00000063137,Olfr177,OR5K14
1037,ENSMUSG00000070983,Olfr270,OR13D1
1038,ENSMUSG00000072709,Olfr380,OR1E21
1039,ENSMUSG00000094721,Olfr1462,OR5B108
1040,ENSMUSG00000063176,Olfr955,OR8G35
1041,ENSMUSG00000048425,Olfr686,OR52X1
1042,ENSMUSG00000081234,Olfr1120,OR12E8
1043,ENSMUSG00000111711,Olfr1089,OR8K39
1044,ENSMUSG00000048469,Olfr564,OR51F23
1045,ENSMUSG00000050613,Olfr125,OR14J1
1046,ENSMUSG00000058515,Olfr933,OR8D1B
1047,ENSMUSG00000061637,Olfr1457,OR5B104
1048,ENSMUSG00000078118,Olfr483,OR5P59
1049,ENSMUSG00000049041,Olfr398,OR1R1
1050,ENSMUSG00000049057,Olfr1257,OR4C10B
1051,ENSMUSG00000059303,Olfr836,OR7G21
1052,ENSMUSG00000049674,Olfr714,OR10A2
1053,ENSMUSG00000094080,Olfr8,OR7A42
1054,ENSMUSG00000081836,Olfr1180,OR4P19
1055,ENSMUSG00000073953,Olfr596,OR52E19
1056,ENSMUSG00000046396,Olfr609,OR51AF1
1057,ENSMUSG00000045824,Olfr574,OR51T4
1058,ENSMUSG00000064084,Olfr1202,OR4C105
1059,ENSMUSG00000061875,Olfr1148,OR12E13
1060,ENSMUSG00000095448,Olfr859,OR7E168
1061,ENSMUSG00000062426,Olfr304,OR14A258
1062,ENSMUSG00000073946,Olfr617,OR52Z12
1063,ENSMUSG00000094496,Olfr792,OR6C66B
1064,ENSMUSG00000046650,Olfr1440,OR5AN6
1065,ENSMUSG00000083947,Olfr122,OR10AL6
1066,ENSMUSG00000058194,Olfr1126,OR12E7
1067,ENSMUSG00000075210,Olfr1012,OR9G3
1068,ENSMUSG00000044106,Olfr868,OR7E174
1069,ENSMUSG00000093884,Olfr239,OR10H1
1070,ENSMUSG00000045559,Olfr827,OR9K7
1071,ENSMUSG00000061387,Olfr1490,OR10W1
1072,ENSMUSG00000109403,Olfr1311,OR4F58
1073,ENSMUSG00000051313,Olfr1262,OR4C127
1074,ENSMUSG00000075120,Olfr1196,OR4A66
1075,ENSMUSG00000093980,Olfr493,OR5P68
1076,ENSMUSG00000074995,Olfr201,OR5AC19
1077,ENSMUSG00000074955,Olfr1305,OR4F56
1078,ENSMUSG00000060057,Olfr193,OR5H25
1079,ENSMUSG00000063188,Olfr107,OR1O1
1080,ENSMUSG00000075160,Olfr259,OR5AQ7
1081,ENSMUSG00000067513,Olfr1436,OR5AN10
1082,ENSMUSG00000110912,Olfr1080,OR8K33
1083,ENSMUSG00000042219,Olfr631,OR51M1
1084,ENSMUSG00000045508,Olfr1367,OR2B28
1085,ENSMUSG00000045528,Olfr891,OR8C13
1086,ENSMUSG00000050603,Olfr1008,OR8K16
1087,ENSMUSG00000058807,Olfr331,OR2T49
1088,ENSMUSG00000058856,Olfr952,OR8G33
1089,ENSMUSG00000059687,Olfr108,OR1O11
1090,ENSMUSG00000060105,Olfr504,OR56B1B
1091,ENSMUSG00000060170,Olfr1371,OR2Y6
1092,ENSMUSG00000062204,Olfr1373,OR2Y8
1093,ENSMUSG00000064333,Olfr926,OR8D2B
1094,ENSMUSG00000075185,Olfr1061,OR8K25
1095,ENSMUSG00000094197,Olfr474,OR5P54
1096,ENSMUSG00000094461,Olfr883,OR8B36
1097,ENSMUSG00000095525,Olfr834,OR7G12
1098,ENSMUSG00000096554,Olfr1282,OR4K38
1099,ENSMUSG00000109806,Olfr663,OR56B2J
1100,ENSMUSG00000110991,Olfr908,OLFR908
1101,ENSMUSG00000111239,Olfr1248,OR4A75
