sample_name,exp_date,Count,Geo_Mean,Robust_CV,Median,OR,RTP1S,Gfy,Clgn,Syt1,Syt5,pCI,Total,others,gene-mix,RTP2,Syt_genes
RhopCI,06212023,10000,73.4,92.7,68.1,0,0,0.0,0.0,0.0,0.0,0.0,0,,,,
Olfr1377,06212023,10000,155.0,68.5,136.0,500,0,0.0,0.0,0.0,0.0,0.0,500,,,,
Olfr1377_Gfy,06212023,10000,149.0,65.6,133.0,500,0,300.0,0.0,0.0,0.0,0.0,800,,,,
Olfr1377_Clgn,06212023,10000,143.0,72.7,122.0,500,0,0.0,66.0,0.0,0.0,0.0,566,,,,
Olfr1377_Syt1,06212023,10000,156.0,72.8,134.0,500,0,0.0,0.0,300.0,0.0,0.0,800,,,,
Olfr1377_Syt5,06212023,10000,167.0,70.3,142.0,500,0,0.0,0.0,0.0,66.0,0.0,566,,,,
Olfr1377_Gfy_Clgn,06212023,10000,142.0,73.0,123.0,500,0,300.0,66.0,0.0,0.0,0.0,866,,,,
Olfr1377_Syt1_Syt5,06212023,10000,149.0,71.8,127.0,500,0,0.0,0.0,300.0,66.0,0.0,866,,,,
Olfr1377_Gfy_Clgn_Syt1_Syt5,06212023,10000,160.0,68.6,140.0,500,0,300.0,66.0,300.0,66.0,0.0,1233,,,,
Olfr1377_R,06212023,10000,1029.0,84.9,1046.0,500,100,0.0,0.0,0.0,0.0,0.0,600,,,,
Olfr1377_R_Syt1,06212023,10000,1162.0,86.2,1202.0,500,100,0.0,0.0,300.0,0.0,0.0,900,,,,
Olfr1377_R_Syt5,06212023,10000,1011.0,84.2,1018.0,500,100,0.0,0.0,0.0,66.0,0.0,666,,,,
Olfr1377_R_Syt1_Syt5,06212023,10000,1206.0,87.2,1270.0,500,100,0.0,0.0,300.0,66.0,0.0,966,,,,
Olfr1377_R_Gfy,06212023,10011,1125.0,87.8,1188.0,500,100,300.0,0.0,0.0,0.0,0.0,900,,,,
Olfr1377_R_Clgn,06212023,10000,992.0,87.8,996.0,500,100,0.0,66.0,0.0,0.0,0.0,666,,,,
Olfr1377_RGC,06212023,10000,1058.0,82.1,1091.0,500,100,300.0,66.0,0.0,0.0,0.0,966,,,,
Olfr1377_RGC_Syt1,06212023,10000,1120.0,83.6,1138.0,500,100,300.0,66.0,300.0,0.0,0.0,1266,,,,
Olfr1377_RGC_Syt5,06212023,10000,1041.0,81.4,1053.0,500,100,300.0,66.0,0.0,66.0,0.0,1033,,,,
Olfr1377_RGC_Syt1_Syt5,06212023,10000,1143.0,87.4,1170.0,500,100,300.0,66.0,300.0,66.0,0.0,1333,,,,
RhopCI,03152023,10000,93.1,72.0,88.7,0,0,0.0,0.0,0.0,0.0,2000.0,2000,0.0,0.0,,
Olfr1377,03152023,10000,193.0,61.9,175.0,1000,0,0.0,0.0,0.0,0.0,1000.0,2000,0.0,0.0,,
Olfr1377_RGC,03152023,10000,1595.0,85.0,1881.0,1000,100,150.0,150.0,0.0,0.0,600.0,2000,0.0,0.0,,
Olfr1377_RGC_Chgb_2,03152023,10000,1494.0,83.1,1725.0,1000,100,150.0,150.0,0.0,0.0,0.0,2000,600.0,0.0,,
Olfr1377_RGC_Chgb_6,03152023,10000,1517.0,82.1,1777.0,1000,100,150.0,150.0,0.0,0.0,0.0,2000,600.0,0.0,,
Olfr1377_RGC_Syt1,03152023,10000,1732.0,85.4,2068.0,1000,100,150.0,150.0,300.0,0.0,300.0,2000,0.0,0.0,,
Olfr1377_RGC_Syt1_InteractionMix1,03152023,10000,1629.0,92.3,1924.0,1000,100,150.0,150.0,300.0,0.0,0.0,2000,0.0,300.0,,
Olfr1377_RGC_Syt1_InteractionMix2,03152023,10000,1639.0,90.2,1910.0,1000,100,150.0,150.0,300.0,0.0,0.0,2000,0.0,300.0,,
Olfr1377_RGC_Syt1_Syt5,03152023,10000,1833.0,94.1,2240.0,1000,100,150.0,150.0,300.0,300.0,0.0,2000,0.0,0.0,,
Olfr1377_RGC_Syt9,03152023,10000,1178.0,104.0,1206.0,1000,100,150.0,150.0,0.0,0.0,0.0,2000,600.0,0.0,,
Olfr1377_RGC_Esyt2,03152023,10000,1445.0,85.7,1658.0,1000,100,150.0,150.0,0.0,0.0,0.0,2000,600.0,0.0,,
OR7C1_wt,03152023,10000,116.0,67.8,103.0,1000,0,0.0,0.0,0.0,0.0,0.0,1000,0.0,0.0,,
OR7C1_wt_Rtp1,03152023,10000,158.0,59.5,143.0,1000,100,0.0,0.0,0.0,0.0,0.0,1100,0.0,0.0,,
OR7C1_gen1,03152023,10000,106.0,72.9,93.8,1000,0,0.0,0.0,0.0,0.0,0.0,1000,0.0,0.0,,
OR7C1_gen1_Rtp1,03152023,10000,292.0,66.1,261.0,1000,100,0.0,0.0,0.0,0.0,0.0,1100,0.0,0.0,,
OR7C1_gen2,03152023,10000,176.0,62.0,161.0,1000,0,0.0,0.0,0.0,0.0,0.0,1000,0.0,0.0,,
OR7C1_gen2_Rtp1,03152023,10000,536.0,67.7,502.0,1000,100,0.0,0.0,0.0,0.0,0.0,1100,0.0,0.0,,
OR5A2_wt,03152023,10000,98.3,71.7,89.9,1000,0,0.0,0.0,0.0,0.0,0.0,1000,0.0,0.0,,
OR5A2_wt_Rtp1,03152023,10000,100.0,72.1,91.2,1000,100,0.0,0.0,0.0,0.0,0.0,1100,0.0,0.0,,
OR5A2_gen1,03152023,10000,108.0,69.4,97.7,1000,0,0.0,0.0,0.0,0.0,0.0,1000,0.0,0.0,,
OR5A2_gen1_Rtp1,03152023,10000,191.0,70.5,166.0,1000,100,0.0,0.0,0.0,0.0,0.0,1100,0.0,0.0,,
RhopCI,10052022,10070,62.7,130.0,55.2,0,0,0.0,0.0,,,0.0,0,,0.0,,
Olfr1377,10052022,10033,119.0,88.3,95.1,1000,0,0.0,0.0,,,0.0,1000,,0.0,,
Olfr1377_R,10052022,10000,962.0,100.0,875.0,1000,100,0.0,0.0,,,0.0,1100,,0.0,,
Olfr1377_RGC,10052022,10000,958.0,95.6,873.0,1000,100,150.0,150.0,,,600.0,2000,,0.0,,
Olfr1377_RGC_21MIX,10052022,10000,1358.0,82.4,1397.0,1000,100,150.0,150.0,,,0.0,2000,,600.0,,
Olfr1377_RGC_21minus_Rtbdn,10052022,10000,1324.0,82.9,1366.0,1000,100,150.0,150.0,,,0.0,2000,,600.0,,
Olfr1377_RGC_21minus_Ebf4,10052022,10000,1462.0,82.0,1547.0,1000,100,150.0,150.0,,,0.0,2000,,600.0,,
Olfr1377_RGC_21minus_Lingo2,10052022,10000,1592.0,79.0,1693.0,1000,100,150.0,150.0,,,0.0,2000,,600.0,,
Olfr1377_RGC_21minus_Flrt1,10052022,10000,1459.0,82.2,1535.0,1000,100,150.0,150.0,,,0.0,2000,,600.0,,
Olfr1377_RGC_21minus_Gpx6,10052022,10000,1384.0,78.9,1418.0,1000,100,150.0,150.0,,,0.0,2000,,600.0,,
Olfr1377_RGC_21minus_Jph4,10052022,10000,1316.0,84.1,1348.0,1000,100,150.0,150.0,,,0.0,2000,,600.0,,
Olfr1377_RGC_21minus_Efna3,10052022,10000,1292.0,84.1,1312.0,1000,100,150.0,150.0,,,0.0,2000,,600.0,,
Olfr1377_RGC_21minus_Hspa12a,10052022,10000,1208.0,82.6,1227.0,1000,100,150.0,150.0,,,0.0,2000,,600.0,,
500ngOlfr1377,10052022,10000,118.0,81.3,104.0,500,0,0.0,0.0,,,1500.0,2000,,0.0,,
500ngOlfr1377_R,10052022,10000,1127.0,75.8,1188.0,500,100,0.0,0.0,,,1400.0,2000,,0.0,,
500ngOlfr1377_RGC,10052022,10000,1272.0,73.3,1363.0,500,100,150.0,150.0,,,1100.0,2000,,0.0,,
500ngOlfr1377_RGC_21MIX,10052022,10000,1352.0,76.9,1489.0,500,100,150.0,150.0,,,500.0,2000,,600.0,,
100ngOlfr1377,10052022,10000,91.9,98.8,80.9,100,0,0.0,0.0,,,1900.0,2000,,0.0,,
100ngOlfr1377_R,10052022,10000,645.0,122.0,534.0,100,100,0.0,0.0,,,1800.0,2000,,0.0,,
100ngOlfr1377_RGC,10052022,10000,729.0,130.0,610.0,100,100,150.0,150.0,,,1500.0,2000,,0.0,,
100ngOlfr1377_RGC_21MIX,10052022,10000,489.0,98.5,416.0,100,100,150.0,150.0,,,900.0,2000,,600.0,,
OR51E2_pipette_mix,10052022,3000,3591.0,168.0,3934.0,0,0,0.0,0.0,,,0.0,0,,0.0,,
OR51E2_flicked_mix,10052022,3000,3348.0,158.0,3769.0,0,0,0.0,0.0,,,0.0,0,,0.0,,
RhopCI,03222023,10000,103.0,73.0,96.4,0,0,0.0,0.0,0.0,0.0,2000.0,2000,,0.0,,
Olfr1377,03222023,10000,216.0,61.8,194.0,1000,0,0.0,0.0,0.0,0.0,1000.0,2000,,0.0,,
Olfr1377_RGC,03222023,10000,1838.0,73.0,2080.0,1000,100,150.0,150.0,0.0,0.0,600.0,2000,,0.0,,
Olfr1377_RGC_Syt1_Syt5,03222023,10000,2225.0,72.7,2578.0,1000,100,150.0,150.0,150.0,150.0,300.0,2000,,0.0,,
Olfr1377_RGC_Syt1_Syt5_Syt1_InteractionMix,03222023,10000,2247.0,71.5,2573.0,1000,100,150.0,150.0,150.0,150.0,0.0,2000,,300.0,,
Olfr447,03222023,10000,193.0,73.9,158.0,1000,0,0.0,0.0,0.0,0.0,1000.0,2000,,0.0,,
Olfr447_R,03222023,10000,2075.0,127.0,2214.0,1000,100,0.0,0.0,0.0,0.0,900.0,2000,,0.0,,
Olfr447_R_GCSMix,03222023,10000,2606.0,115.0,2998.0,1000,100,225.0,225.0,225.0,225.0,0.0,2000,,0.0,,
Olfr447_GCSMix,03222023,10000,255.0,86.5,192.0,1000,0,225.0,225.0,225.0,225.0,100.0,2000,,0.0,,
Olfr738,03222023,10000,117.0,70.6,108.0,1000,0,0.0,0.0,0.0,0.0,1000.0,2000,,0.0,,
Olfr738_R,03222023,10000,1324.0,143.0,1206.0,1000,100,0.0,0.0,0.0,0.0,900.0,2000,,0.0,,
Olfr738_R_GCSMix,03222023,10000,1477.0,138.0,1386.0,1000,100,225.0,225.0,225.0,225.0,0.0,2000,,0.0,,
Olfr738_GCSMix,03222023,10000,107.0,72.7,97.7,1000,0,225.0,225.0,225.0,225.0,100.0,2000,,0.0,,
Olfr145,03222023,10000,533.0,127.0,371.0,1000,0,0.0,0.0,0.0,0.0,1000.0,2000,,0.0,,
Olfr145_R,03222023,10000,1221.0,186.0,998.0,1000,100,0.0,0.0,0.0,0.0,900.0,2000,,0.0,,
Olfr145_R_GCSMix,03222023,10000,1651.0,156.0,1582.0,1000,100,225.0,225.0,225.0,225.0,0.0,2000,,0.0,,
Olfr145_GCSMix,03222023,10000,528.0,129.0,371.0,1000,0,225.0,225.0,225.0,225.0,100.0,2000,,0.0,,
Olfr1019,03222023,10000,2729.0,139.0,2911.0,1000,0,0.0,0.0,0.0,0.0,1000.0,2000,,0.0,,
Olfr1019_R,03222023,10000,12431.0,121.0,15782.0,1000,100,0.0,0.0,0.0,0.0,900.0,2000,,0.0,,
Olfr1019_R_GCSMix,03222023,10000,12528.0,104.0,15600.0,1000,100,225.0,225.0,225.0,225.0,0.0,2000,,0.0,,
Olfr1019_GCSMix,03222023,10000,2229.0,109.0,2359.0,1000,0,225.0,225.0,225.0,225.0,100.0,2000,,0.0,,
Olfr1079,03222023,10000,272.0,80.3,219.0,1000,0,0.0,0.0,0.0,0.0,1000.0,2000,,0.0,,
Olfr1079_R,03222023,10000,2664.0,153.0,2793.0,1000,100,0.0,0.0,0.0,0.0,900.0,2000,,0.0,,
Olfr1079_R_GCSMix,03222023,10000,3055.0,150.0,3299.0,1000,100,225.0,225.0,225.0,225.0,0.0,2000,,0.0,,
Olfr1079_GCSMix,03222023,10000,283.0,83.9,224.0,1000,0,225.0,225.0,225.0,225.0,100.0,2000,,0.0,,
Olfr1450,03222023,10000,336.0,69.6,293.0,1000,0,0.0,0.0,0.0,0.0,1000.0,2000,,0.0,,
Olfr1450_R,03222023,10000,305.0,70.0,266.0,1000,100,0.0,0.0,0.0,0.0,900.0,2000,,0.0,,
Olfr1450_R_GCSMix,03222023,10000,330.0,75.9,281.0,1000,100,225.0,225.0,225.0,225.0,0.0,2000,,0.0,,
Olfr1450_GCSMix,03222023,10000,321.0,75.6,273.0,1000,0,225.0,225.0,225.0,225.0,100.0,2000,,0.0,,
Olfr727,03222023,10000,163.0,76.3,134.0,1000,0,0.0,0.0,0.0,0.0,1000.0,2000,,0.0,,
Olfr727_R,03222023,10000,228.0,90.2,168.0,1000,100,0.0,0.0,0.0,0.0,900.0,2000,,0.0,,
Olfr727_R_GCSMix,03222023,10000,264.0,96.6,186.0,1000,100,225.0,225.0,225.0,225.0,0.0,2000,,0.0,,
Olfr727_GCSMix,03222023,10000,148.0,71.8,127.0,1000,0,225.0,225.0,225.0,225.0,100.0,2000,,0.0,,
RhopCI,03262023,10002,218.0,65.1,182.0,0,0,0.0,0.0,0.0,0.0,2000.0,2000,,,,
Olfr1219,03262023,9999,374.0,74.1,305.0,1000,0,0.0,0.0,0.0,0.0,1000.0,2000,,,,
Olfr1219_R,03262023,10000,3347.0,147.0,3604.0,1000,100,0.0,0.0,0.0,0.0,900.0,2000,,,,
Olfr1219_R_GCSMix,03262023,10000,3717.0,119.0,4263.0,1000,100,225.0,225.0,225.0,225.0,0.0,2000,,,,
Olfr1219_GCSMix,03262023,10000,332.0,64.7,286.0,1000,0,225.0,225.0,225.0,225.0,100.0,2000,,,,
Olfr1243,03262023,10000,180.0,67.5,151.0,1000,0,0.0,0.0,0.0,0.0,1000.0,2000,,,,
Olfr1243_R,03262023,10000,1054.0,302.0,663.0,1000,100,0.0,0.0,0.0,0.0,900.0,2000,,,,
Olfr1243_R_GCSMix,03262023,10000,896.0,222.0,585.0,1000,100,225.0,225.0,225.0,225.0,0.0,2000,,,,
Olfr1243_GCSMix,03262023,9999,210.0,60.3,182.0,1000,0,225.0,225.0,225.0,225.0,100.0,2000,,,,
Olfr129,03262023,9999,197.0,67.7,166.0,1000,0,0.0,0.0,0.0,0.0,1000.0,2000,,,,
Olfr129_R,03262023,9999,219.0,63.2,188.0,1000,100,0.0,0.0,0.0,0.0,900.0,2000,,,,
Olfr129_R_GCSMix,03262023,10000,222.0,64.2,190.0,1000,100,225.0,225.0,225.0,225.0,0.0,2000,,,,
Olfr129_GCSMix,03262023,9999,177.0,62.4,155.0,1000,0,225.0,225.0,225.0,225.0,100.0,2000,,,,
Olfr1347,03262023,9998,233.0,62.4,199.0,1000,0,0.0,0.0,0.0,0.0,1000.0,2000,,,,
Olfr1347_R,03262023,10000,2069.0,101.0,2288.0,1000,100,0.0,0.0,0.0,0.0,900.0,2000,,,,
Olfr1347_R_GCSMix,03262023,10028,2336.0,91.9,2734.0,1000,100,225.0,225.0,225.0,225.0,0.0,2000,,,,
Olfr1347_GCSMix,03262023,10000,203.0,59.2,179.0,1000,0,225.0,225.0,225.0,225.0,100.0,2000,,,,
Olfr1388,03262023,9999,224.0,56.3,196.0,1000,0,0.0,0.0,0.0,0.0,1000.0,2000,,,,
Olfr1388_R,03262023,10000,208.0,54.0,187.0,1000,100,0.0,0.0,0.0,0.0,900.0,2000,,,,
Olfr1388_R_GCSMix,03262023,10000,242.0,52.0,220.0,1000,100,225.0,225.0,225.0,225.0,0.0,2000,,,,
Olfr1388_GCSMix,03262023,10000,215.0,57.9,186.0,1000,0,225.0,225.0,225.0,225.0,100.0,2000,,,,
Olfr1391,03262023,10000,200.0,52.5,186.0,1000,0,0.0,0.0,0.0,0.0,1000.0,2000,,,,
Olfr1391_R,03262023,10000,716.0,98.8,620.0,1000,100,0.0,0.0,0.0,0.0,900.0,2000,,,,
Olfr1391_R_GCSMix,03262023,10000,961.0,109.0,890.0,1000,100,225.0,225.0,225.0,225.0,0.0,2000,,,,
Olfr1391_GCSMix,03262023,9999,242.0,54.1,222.0,1000,0,225.0,225.0,225.0,225.0,100.0,2000,,,,
Olfr1509,03262023,10000,196.0,64.3,169.0,1000,0,0.0,0.0,0.0,0.0,1000.0,2000,,,,
Olfr1509_R,03262023,10000,671.0,114.0,541.0,1000,100,0.0,0.0,0.0,0.0,900.0,2000,,,,
Olfr1509_R_GCSMix,03262023,10000,789.0,122.0,666.0,1000,100,225.0,225.0,225.0,225.0,0.0,2000,,,,
Olfr1509_GCSMix,03262023,10000,181.0,63.4,158.0,1000,0,225.0,225.0,225.0,225.0,100.0,2000,,,,
Olfr432,03262023,10000,258.0,67.8,216.0,1000,0,0.0,0.0,0.0,0.0,1000.0,2000,,,,
Olfr432_R,03262023,9999,1187.0,153.0,1020.0,1000,100,0.0,0.0,0.0,0.0,900.0,2000,,,,
Olfr432_R_GCSMix,03262023,10000,1441.0,154.0,1315.0,1000,100,225.0,225.0,225.0,225.0,0.0,2000,,,,
Olfr432_GCSMix,03262023,9999,228.0,64.6,196.0,1000,0,225.0,225.0,225.0,225.0,100.0,2000,,,,
RhopCI,10122022,10035,63.9,119.0,57.8,0,0,0.0,0.0,,,0.0,0,,0.0,,
Olfr1377,10122022,10044,118.0,90.2,100.0,1000,0,0.0,0.0,,,1000.0,2000,,0.0,,
Olfr1377_R,10122022,10068,1085.0,80.4,1076.0,1000,100,0.0,0.0,,,900.0,2000,,0.0,,
Olfr1377_RGC,10122022,10099,1206.0,81.8,1204.0,1000,100,150.0,150.0,,,600.0,2000,,0.0,,
Olfr1377_RGC_21MIX,10122022,10054,1261.0,79.2,1283.0,1000,100,150.0,150.0,,,0.0,2000,,600.0,,
Olfr1377_RGC_21minus_Sult1d1,10122022,10074,1349.0,78.1,1376.0,1000,100,150.0,150.0,,,0.0,2000,,600.0,,
Olfr1377_RGC_21minus_Acsl6,10122022,10055,1372.0,81.5,1413.0,1000,100,150.0,150.0,,,0.0,2000,,600.0,,
Olfr1377_RGC_21minus_Cfap206,10122022,10059,1492.0,79.6,1555.0,1000,100,150.0,150.0,,,0.0,2000,,600.0,,
Olfr1377_RGC_21minus_Pde6d,10122022,10065,1323.0,79.1,1376.0,1000,100,150.0,150.0,,,0.0,2000,,600.0,,
Olfr1377_RGC_21minus_Slc24a2,10122022,10095,1228.0,80.1,1223.0,1000,100,150.0,150.0,,,0.0,2000,,600.0,,
Olfr1377_RGC_21minus_Ttc21a,10122022,10077,1256.0,81.0,1268.0,1000,100,150.0,150.0,,,0.0,2000,,600.0,,
Olfr1377_RGC_21minus_Fam217a,10122022,10066,1347.0,80.1,1389.0,1000,100,150.0,150.0,,,0.0,2000,,600.0,,
Olfr1377_RGC_21minus_Herpud1,10122022,10062,1198.0,79.6,1197.0,1000,100,150.0,150.0,,,0.0,2000,,600.0,,
Olfr1377_RGC_21minus_Tmbim6,10122022,10052,1191.0,76.9,1199.0,1000,100,150.0,150.0,,,0.0,2000,,600.0,,
Olfr1377_RGC_21minus_Manea,10122022,10066,1276.0,81.0,1292.0,1000,100,150.0,150.0,,,0.0,2000,,600.0,,
Olfr1377_RGC_21minus_Clstn2,10122022,10061,1156.0,81.2,1150.0,1000,100,150.0,150.0,,,0.0,2000,,600.0,,
Olfr1377_RGC_21minus_Ccdc184,10122022,10080,1095.0,80.5,1082.0,1000,100,150.0,150.0,,,0.0,2000,,600.0,,
Olfr1377_RGC_21minus_Ebf2,10122022,10075,1315.0,79.0,1335.0,1000,100,150.0,150.0,,,0.0,2000,,600.0,,
ORS6,10122022,5000,183.0,88.5,149.0,1000,0,0.0,0.0,,,1000.0,2000,,0.0,,
ORS6_RGC,10122022,5118,1137.0,149.0,1141.0,1000,100,150.0,150.0,,,600.0,2000,,0.0,,
ORS6_RGC_21MIX,10122022,5000,1313.0,155.0,1340.0,1000,100,150.0,150.0,,,0.0,2000,,600.0,,
RhopCI,02062023,10011,77.6,85.6,74.5,0,0,0.0,0.0,0.0,0.0,0.0,0,,,,
Olfr1377,02062023,10000,159.0,63.5,146.0,1000,0,0.0,0.0,0.0,0.0,1000.0,2000,,,,
Olfr1377_Syt1,02062023,10000,183.0,70.5,158.0,1000,0,0.0,0.0,600.0,0.0,400.0,2000,,,,
Olfr1377_R,02062023,10000,1476.0,83.9,1696.0,1000,100,0.0,0.0,0.0,0.0,900.0,2000,,,,
Olfr1377_R_Syt1,02062023,10000,1696.0,85.3,1994.0,1000,100,0.0,0.0,600.0,0.0,300.0,2000,,,,
Olfr1377_G_Syt1,02062023,10000,181.0,67.6,158.0,1000,0,150.0,0.0,600.0,0.0,250.0,2000,,,,
Olfr1377_C_Syt1,02062023,10000,184.0,70.2,161.0,1000,0,0.0,150.0,600.0,0.0,250.0,2000,,,,
Olfr1377_GC_Syt1,02062023,10000,177.0,69.5,156.0,1000,0,150.0,150.0,600.0,0.0,100.0,2000,,,,
Olfr1377_RGC,02062023,10000,1454.0,88.1,1636.0,1000,100,150.0,150.0,0.0,0.0,600.0,2000,,,,
Olfr1377_RGC_Syt1,02062023,10000,1872.0,91.7,2185.0,1000,100,150.0,150.0,600.0,0.0,0.0,2000,,,,
Olfr1377_RGC_Syt1_300,02062023,10000,1613.0,97.1,1849.0,1000,100,150.0,150.0,300.0,0.0,300.0,2000,,,,
Olfr1377_RGC_Syt5_300,02062023,10000,1610.0,98.0,1825.0,1000,100,150.0,150.0,0.0,300.0,300.0,2000,,,,
Olfr1377_RGC_Syt1_Syt5,02062023,10000,1959.0,95.7,2319.0,1000,100,150.0,150.0,300.0,300.0,0.0,2000,,,,
ORS6,02062023,10000,158.0,90.2,125.0,1000,0,0.0,0.0,0.0,0.0,1000.0,2000,,,,
ORS6_RGC,02062023,10000,843.0,295.0,499.0,1000,100,150.0,150.0,0.0,0.0,600.0,2000,,,,
ORS6_RGC_Syt1,02062023,10000,935.0,260.0,633.0,1000,100,150.0,150.0,600.0,0.0,0.0,2000,,,,
ORS6_RGC_Syt1_Syt5,02062023,10000,809.0,368.0,423.0,1000,100,150.0,150.0,300.0,300.0,0.0,2000,,,,
Olfr743,02062023,10000,197.0,67.1,173.0,1000,0,0.0,0.0,0.0,0.0,1000.0,2000,,,,
Olfr743_RGC,02062023,10000,7929.0,86.4,10554.0,1000,100,150.0,150.0,0.0,0.0,600.0,2000,,,,
Olfr743_RGC_Syt1,02062023,10000,8190.0,94.9,10895.0,1000,100,150.0,150.0,600.0,0.0,0.0,2000,,,,
Olfr743_RGC_Syt1_Syt5,02062023,10000,7899.0,97.1,11377.0,1000,100,150.0,150.0,300.0,300.0,0.0,2000,,,,
RhopCI,06102022,10000,77.1,79.5,74.5,0,0,0.0,0.0,,,0.0,0,0.0,,,
ORS6,06102022,10000,99.1,80.8,88.7,1000,0,0.0,0.0,,,1000.0,1000,0.0,,,
ORS6_Hspa12a,06102022,10000,99.1,83.4,87.4,1000,0,0.0,0.0,,,700.0,1300,300.0,,,
ORS6_R,06102022,10017,545.0,502.0,194.0,1000,100,0.0,0.0,,,600.0,1400,300.0,,,
ORS6_RGC,06102022,10000,670.0,352.0,326.0,1000,100,300.0,300.0,,,0.0,2000,300.0,,,
ORS6_RGC_Hspa12a,06102022,10000,711.0,404.0,325.0,1000,100,300.0,300.0,,,0.0,2000,300.0,,,
ORS6_RGC_Acsl6,06102022,10000,915.0,238.0,641.0,1000,100,300.0,300.0,,,0.0,2000,300.0,,,
ORS6_RGC_Cfap206,06102022,10000,726.0,266.0,427.0,1000,100,300.0,300.0,,,0.0,2000,300.0,,,
ORS6_RGC_Efcab10,06102022,10000,744.0,343.0,383.0,1000,100,300.0,300.0,,,0.0,2000,300.0,,,
ORS6_RGC_Slc24a2,06102022,10000,700.0,230.0,429.0,1000,100,300.0,300.0,,,0.0,2000,300.0,,,
ORS6_RGC_Klhl5,06102022,10000,764.0,288.0,438.0,1000,100,300.0,300.0,,,0.0,2000,300.0,,,
Olfr1377,06102022,10000,135.0,62.9,123.0,1000,0,0.0,0.0,,,1000.0,1000,0.0,,,
Olfr1377_Hspa12a,06102022,10000,143.0,62.5,129.0,1000,0,0.0,0.0,,,700.0,1300,300.0,,,
Olfr1377_R,06102022,10000,1216.0,73.4,1295.0,1000,100,0.0,0.0,,,600.0,1400,300.0,,,
Olfr1377_RGC,06102022,10000,1309.0,76.3,1405.0,1000,100,300.0,300.0,,,0.0,2000,300.0,,,
Olfr1377_RGC_Hspa12a,06102022,10000,1350.0,76.4,1453.0,1000,100,300.0,300.0,,,0.0,2000,300.0,,,
Olfr1377_RGC_Acsl6,06102022,10000,1265.0,74.0,1340.0,1000,100,300.0,300.0,,,0.0,2000,300.0,,,
Olfr1377_RGC_Cfap206,06102022,10000,1270.0,76.8,1340.0,1000,100,300.0,300.0,,,0.0,2000,300.0,,,
Olfr1377_RGC_Efcab10,06102022,10000,1298.0,78.3,1376.0,1000,100,300.0,300.0,,,0.0,2000,300.0,,,
Olfr1377_RGC_Slc24a2,06102022,10000,1203.0,77.9,1266.0,1000,100,300.0,300.0,,,0.0,2000,300.0,,,
Olfr1377_RGC_Klhl5,06102022,10000,1150.0,71.8,1213.0,1000,100,300.0,300.0,,,0.0,2000,300.0,,,
Rho-pCI,09052022,10346,117.0,68.6,109.0,0,0,0.0,0.0,,,1000.0,1000,0.0,0.0,,
Olfr1377,09052022,10183,171.0,61.4,156.0,1000,0,0.0,0.0,,,1000.0,2000,0.0,0.0,,
Olfr1377_Mix,09052022,10246,206.0,58.2,187.0,1000,0,0.0,0.0,,,400.0,2000,0.0,600.0,,
Olfr1377_R,09052022,10131,1291.0,76.6,1310.0,1000,100,0.0,0.0,,,900.0,2000,0.0,0.0,,
Olfr1377_R_Mix,09052022,10172,1387.0,75.6,1432.0,1000,100,0.0,0.0,,,300.0,2000,0.0,600.0,,
Olfr1377_RGC,09052022,10141,1379.0,78.1,1424.0,1000,100,150.0,150.0,,,600.0,2000,0.0,0.0,,
Olfr1377_RGC_Mix,09052022,10057,1570.0,78.3,1646.0,1000,100,150.0,150.0,,,0.0,2000,0.0,600.0,,
Olfr1377_RGC_Hspa12a,09052022,10057,1382.0,77.0,1442.0,1000,100,150.0,150.0,,,300.0,2000,300.0,0.0,,
Olfr1377_RGC_Sult1d1,09052022,10048,1343.0,78.7,1386.0,1000,100,150.0,150.0,,,300.0,2000,300.0,0.0,,
Olfr1377_RGC_Acsl6,09052022,10056,1286.0,74.6,1307.0,1000,100,150.0,150.0,,,300.0,2000,300.0,0.0,,
Olfr1377_RGC_Cfap206,09052022,10045,1325.0,79.4,1371.0,1000,100,150.0,150.0,,,300.0,2000,300.0,0.0,,
Olfr1377_RGC_Pde6d,09052022,10049,1291.0,75.9,1327.0,1000,100,150.0,150.0,,,300.0,2000,300.0,0.0,,
Olfr1377_RGC_Slc24a2,09052022,10047,1117.0,83.4,1108.0,1000,100,150.0,150.0,,,300.0,2000,300.0,0.0,,
Olfr1377_RGC_Ttc21a,09052022,10041,1277.0,78.9,1307.0,1000,100,150.0,150.0,,,300.0,2000,300.0,0.0,,
Olfr1377_RGC_Fam217a,09052022,10049,1182.0,82.3,1188.0,1000,100,150.0,150.0,,,300.0,2000,300.0,0.0,,
Olfr1377_RGC_Herpud1,09052022,10024,1178.0,73.7,1186.0,1000,100,150.0,150.0,,,300.0,2000,300.0,0.0,,
Olfr1377_RGC_Tmbim6,09052022,10000,740.0,84.2,677.0,1000,100,150.0,150.0,,,300.0,2000,300.0,0.0,,
Olfr1377_RGC_Manea,09052022,10000,879.0,89.5,828.0,1000,100,150.0,150.0,,,300.0,2000,300.0,0.0,,
Olfr1377_RGC_Clstn2,09052022,10000,1105.0,75.4,1108.0,1000,100,150.0,150.0,,,300.0,2000,300.0,0.0,,
Olfr1377_RGC_Ccdc184,09052022,10000,1305.0,76.4,1348.0,1000,100,150.0,150.0,,,300.0,2000,300.0,0.0,,
Olfr1377_RGC_Ebf2,09052022,10000,1016.0,70.4,1044.0,1000,100,150.0,150.0,,,300.0,2000,300.0,0.0,,
P3_Rho_pCI,05112022,10000,-655.0,-70.0,-558.0,0,0,0.0,0.0,,,0.0,0,,,,
P3_Olfr1377,05112022,10000,-508.0,-192.0,-412.0,1000,0,0.0,0.0,,,1000.0,2000,,,,
P3_Olfr1377_R,05112022,10000,1567.0,98.2,1942.0,1000,100,0.0,0.0,,,900.0,2000,,,,
P3_Olfr1377_R_Gfy_Clgn,05112022,10000,1822.0,88.1,2480.0,1000,100,450.0,450.0,,,0.0,2000,,,,
P3_ORS6_R,05112022,10000,612.0,599.0,358.0,1000,100,0.0,0.0,,,900.0,2000,,,,
P3_ORS6_R_Gfy_Clgn,05112022,10000,628.0,673.0,352.0,1000,100,450.0,450.0,,,0.0,2000,,,,
P3_OR5A2_R,05112022,10000,-666.0,-75.4,-587.0,1000,100,0.0,0.0,,,900.0,2000,,,,
P3_OR5A2_R_Gfy_Clgn,05112022,10000,-696.0,-63.4,-616.0,1000,100,450.0,450.0,,,0.0,2000,,,,
P3_OR6Y1_R,05112022,10000,-722.0,-66.5,-644.0,1000,100,0.0,0.0,,,900.0,2000,,,,
P3_OR6Y1_R_Gfy_Clgn,05112022,10000,-689.0,-68.6,-603.0,1000,100,450.0,450.0,,,0.0,2000,,,,
P3_OR7D4_R,05112022,10044,-681.0,-67.0,-603.0,1000,100,0.0,0.0,,,900.0,2000,,,,
P3_OR7D4_R_Gfy_Clgn,05112022,10000,-634.0,-68.9,-538.0,1000,100,450.0,450.0,,,0.0,2000,,,,
P3_Olfr1377_R_Gfy_HighClgn,05112022,10000,1361.0,102.0,1913.0,1000,100,300.0,600.0,,,0.0,2000,,,,
P3_Olfr1377_LowR_Gfy_Clgn,05112022,10000,1122.0,113.0,1515.0,1000,50,475.0,475.0,,,0.0,2000,,,,
P3_Olfr1377_LowR_LowGfy_LowClgn,05112022,10000,802.0,142.0,916.0,1500,50,225.0,225.0,,,0.0,2000,,,,
P3_Olfr1377_LowR_LowGfy_Clgn,05112022,10000,1011.0,136.0,1225.0,1500,50,50.0,400.0,,,0.0,2000,,,,
RhopCI,06172023,2055,125.0,68.6,109.0,0,0,0.0,0.0,0.0,0.0,0.0,0,,,,
Olfr1377,06172023,11075,196.0,67.5,169.0,500,0,0.0,0.0,0.0,0.0,0.0,500,,,,
Olfr1377_Gfy,06172023,10000,245.0,61.3,217.0,500,0,300.0,0.0,0.0,0.0,0.0,800,,,,
Olfr1377_Clgn,06172023,10000,206.0,65.4,181.0,500,0,0.0,66.0,0.0,0.0,0.0,566,,,,
Olfr1377_Syt1,06172023,10000,256.0,63.4,222.0,500,0,0.0,0.0,300.0,0.0,0.0,800,,,,
Olfr1377_Syt5,06172023,10013,256.0,60.6,222.0,500,0,0.0,0.0,0.0,66.0,0.0,566,,,,
Olfr1377_Gfy_Clgn,06172023,10000,239.0,61.3,208.0,500,0,300.0,66.0,0.0,0.0,0.0,866,,,,
Olfr1377_Syt1_Syt5,06172023,10000,263.0,65.8,228.0,500,0,0.0,0.0,300.0,66.0,0.0,866,,,,
Olfr1377_Gfy_Clgn_Syt1_Syt5,06172023,10000,249.0,67.2,213.0,500,0,300.0,66.0,300.0,66.0,0.0,1233,,,,
Olfr1377_R,06172023,10000,1435.0,84.1,1564.0,500,100,0.0,0.0,0.0,0.0,0.0,600,,,,
Olfr1377_R_Syt1,06172023,10000,1594.0,82.8,1815.0,500,100,0.0,0.0,300.0,0.0,0.0,900,,,,
Olfr1377_R_Syt5,06172023,10000,1667.0,80.8,1906.0,500,100,0.0,0.0,0.0,66.0,0.0,666,,,,
Olfr1377_R_Syt1_Syt5,06172023,10000,1500.0,93.1,1683.0,500,100,0.0,0.0,300.0,66.0,0.0,966,,,,
Olfr1377_R_Gfy,06172023,10000,1587.0,85.8,1801.0,500,100,300.0,0.0,0.0,0.0,0.0,900,,,,
Olfr1377_R_Clgn,06172023,10005,1466.0,84.2,1621.0,500,100,0.0,66.0,0.0,0.0,0.0,666,,,,
Olfr1377_RGC,06172023,10000,1628.0,87.3,1835.0,500,100,300.0,66.0,0.0,0.0,0.0,966,,,,
Olfr1377_RGC_Syt1,06172023,10000,1740.0,94.7,1998.0,500,100,300.0,66.0,300.0,0.0,0.0,1266,,,,
Olfr1377_RGC_Syt5,06172023,10000,1925.0,89.7,2240.0,500,100,300.0,66.0,0.0,66.0,0.0,1033,,,,
Olfr1377_RGC_Syt1_Syt5,06172023,10000,1922.0,84.9,2283.0,500,100,300.0,66.0,300.0,66.0,0.0,1333,,,,
OR1A1,06172023,10000,405.0,62.2,369.0,1200,0,0.0,0.0,0.0,0.0,0.0,1200,,,,
OR1A1_Lcn15,06172023,10000,387.0,63.7,350.0,1200,0,0.0,0.0,0.0,0.0,0.0,1200,,,,
RhopCI,01202023,10000,91.8,84.1,91.2,0,0,0.0,0.0,,0.0,0.0,0,0.0,,,
Olfr1377,01202023,10000,166.0,65.5,152.0,1000,0,0.0,0.0,,0.0,1000.0,2000,0.0,,,
Olfr1377_Syt5,01202023,10000,166.0,66.7,153.0,1000,0,0.0,0.0,,600.0,400.0,2000,0.0,,,
Olfr1377_R,01202023,10000,755.0,85.5,677.0,1000,100,0.0,0.0,,0.0,900.0,2000,0.0,,,
Olfr1377_R_Syt5,01202023,10000,1144.0,80.5,1165.0,1000,100,0.0,0.0,,600.0,300.0,2000,0.0,,,
Olfr1377_G_Syt5,01202023,10000,167.0,72.9,152.0,1000,0,150.0,0.0,,600.0,250.0,2000,0.0,,,
Olfr1377_C_Syt5,01202023,10000,152.0,71.1,139.0,1000,0,0.0,150.0,,600.0,250.0,2000,0.0,,,
Olfr1377_GC_Syt5,01202023,10000,146.0,72.5,135.0,1000,0,150.0,150.0,,600.0,100.0,2000,0.0,,,
Olfr1377_RGC,01202023,10000,827.0,91.4,775.0,1000,100,150.0,150.0,,0.0,600.0,2000,0.0,,,
Olfr1377_RGC_Syt5,01202023,10000,1332.0,95.3,1459.0,1000,100,150.0,150.0,,600.0,0.0,2000,0.0,,,
Olfr1377_RGC_Syt5_DDit3-1,01202023,10000,1273.0,98.3,1384.0,1000,100,150.0,150.0,,300.0,0.0,2000,300.0,,,
ORS6,01202023,10000,161.0,74.2,140.0,1000,0,0.0,0.0,,0.0,1000.0,2000,0.0,,,
ORS6_R,01202023,10000,729.0,286.0,402.0,1000,100,0.0,0.0,,0.0,900.0,2000,0.0,,,
ORS6_RGC,01202023,10000,741.0,252.0,445.0,1000,100,150.0,150.0,,0.0,600.0,2000,0.0,,,
ORS6_RGC_Syt5,01202023,10000,754.0,319.0,402.0,1000,100,150.0,150.0,,600.0,0.0,2000,0.0,,,
OR7D4_RGC,01202023,10000,117.0,70.5,112.0,1000,100,150.0,150.0,,0.0,600.0,2000,0.0,,,
OR7D4_RGC_Syt5,01202023,10000,132.0,71.9,123.0,1000,100,150.0,150.0,,600.0,0.0,2000,0.0,,,
OR5A2_RGC,01202023,10000,99.8,77.6,96.4,1000,100,150.0,150.0,,0.0,600.0,2000,0.0,,,
OR5A2_RGC_Syt5,01202023,10000,108.0,72.3,105.0,1000,100,150.0,150.0,,600.0,0.0,2000,0.0,,,
OR6Y1_RGC,01202023,10000,93.9,82.9,92.5,1000,100,150.0,150.0,,0.0,600.0,2000,0.0,,,
OR6Y1_RGC_Syt5,01202023,10000,102.0,73.4,100.0,1000,100,150.0,150.0,,600.0,0.0,2000,0.0,,,
RhopCI,02152023,10000,148.0,69.3,127.0,0,0,0.0,0.0,0.0,0.0,2000.0,2000,0.0,0.0,,
Olfr1377,02152023,10000,219.0,57.0,198.0,1000,0,0.0,0.0,0.0,0.0,1000.0,2000,0.0,0.0,,
Olfr1377_RGC,02152023,10000,1799.0,80.7,2103.0,1000,100,150.0,150.0,0.0,0.0,600.0,2000,0.0,0.0,,
Olfr1377_RGC_SytMix,02152023,10000,1834.0,85.1,2091.0,1000,100,150.0,150.0,0.0,0.0,0.0,2000,0.0,600.0,,
Olfr1377_RGC_Syt1_InteractionMix,02152023,10000,1125.0,92.7,1119.0,1000,100,150.0,150.0,0.0,0.0,0.0,2000,0.0,600.0,,
Olfr1377_RGC_Syt1,02152023,10000,2171.0,82.0,2509.0,1000,100,150.0,150.0,300.0,0.0,300.0,2000,0.0,0.0,,
Olfr1377_RGC_Syt1_Syt5,02152023,10000,2150.0,86.0,2534.0,1000,100,150.0,150.0,300.0,300.0,0.0,2000,0.0,0.0,,
Olfr1377_RGC_Syt1_Stx1a,02152023,10000,767.0,107.0,646.0,1000,100,150.0,150.0,300.0,0.0,0.0,2000,300.0,0.0,,
Olfr1377_RGC_Syt1_Stx1b,02152023,10000,1318.0,86.5,1381.0,1000,100,150.0,150.0,300.0,0.0,0.0,2000,300.0,0.0,,
Olfr1377_RGC_Syt1_Chga,02152023,10000,2116.0,81.4,2524.0,1000,100,150.0,150.0,300.0,0.0,0.0,2000,300.0,0.0,,
Olfr1377_RGC_Syt1_Snap25,02152023,10000,1913.0,82.4,2214.0,1000,100,150.0,150.0,300.0,0.0,0.0,2000,300.0,0.0,,
Olfr1377_RGC_Syt1_Vamp1,02152023,10000,1893.0,88.0,2152.0,1000,100,150.0,150.0,300.0,0.0,0.0,2000,300.0,0.0,,
Olfr1377_RGC_Syt1_Vamp2,02152023,10000,1534.0,89.9,1718.0,1000,100,150.0,150.0,300.0,0.0,0.0,2000,300.0,0.0,,
Olfr1377_RGC_Syt1_Pskh1,02152023,10000,1761.0,83.2,2010.0,1000,100,150.0,150.0,300.0,0.0,0.0,2000,300.0,0.0,,
Olfr1377_RGC_Syt1_Vamp2,02152023,10000,1688.0,85.6,1917.0,1000,100,150.0,150.0,300.0,0.0,0.0,2000,300.0,0.0,,
Olfr1377_RGC_Syt1_pCI,02152023,10000,1799.0,78.8,2044.0,1000,100,150.0,150.0,300.0,0.0,0.0,2000,300.0,0.0,,
ORS6,02152023,10000,214.0,70.7,181.0,1000,0,0.0,0.0,0.0,0.0,0.0,1000,0.0,0.0,,
ORS6_RGC,02152023,10000,933.0,280.0,591.0,1000,100,150.0,150.0,0.0,0.0,600.0,2000,0.0,0.0,,
ORS6_RGC_SytMix,02152023,10000,1271.0,286.0,974.0,1000,100,150.0,150.0,0.0,0.0,0.0,2000,0.0,600.0,,
ORS6_RGC_Syt1_InteractionMix,02152023,10000,540.0,157.0,337.0,1000,100,150.0,150.0,0.0,0.0,0.0,2000,0.0,600.0,,
ORS6_RGC_Syt1,02152023,10000,881.0,301.0,522.0,1000,100,150.0,150.0,300.0,0.0,300.0,2000,0.0,0.0,,
RhopCI,06032023,10000,148.0,59.0,136.0,0,0,0.0,0.0,0.0,0.0,0.0,0,,,,
Olfr1377,06032023,10000,253.0,59.4,220.0,500,0,0.0,0.0,0.0,0.0,0.0,500,,,,
Olfr1377_Gfy,06032023,10000,257.0,58.0,228.0,500,0,300.0,0.0,0.0,0.0,0.0,800,,,,
Olfr1377_Clgn,06032023,10000,252.0,61.6,220.0,500,0,0.0,66.0,0.0,0.0,0.0,566,,,,
Olfr1377_Syt1,06032023,10000,279.0,62.6,244.0,500,0,0.0,0.0,300.0,0.0,0.0,800,,,,
Olfr1377_Syt5,06032023,10000,248.0,59.3,222.0,500,0,0.0,0.0,0.0,66.0,0.0,566,,,,
Olfr1377_Gfy_Clgn,06032023,10000,261.0,60.4,230.0,500,0,300.0,66.0,0.0,0.0,0.0,866,,,,
Olfr1377_Syt1_Syt5,06032023,10000,297.0,63.7,258.0,500,0,0.0,0.0,300.0,66.0,0.0,866,,,,
Olfr1377_Gfy_Clgn_Syt1_Syt5,06032023,10000,264.0,62.5,232.0,500,0,300.0,66.0,300.0,66.0,0.0,1233,,,,
Olfr1377_R,06032023,10000,1535.0,78.0,1718.0,500,100,0.0,0.0,0.0,0.0,0.0,600,,,,
Olfr1377_R_Syt1,06032023,10000,1760.0,83.7,2056.0,500,100,0.0,0.0,300.0,0.0,0.0,900,,,,
Olfr1377_R_Syt5,06032023,10000,1577.0,78.6,1784.0,500,100,0.0,0.0,300.0,66.0,0.0,966,,,,
Olfr1377_R_Syt1_Syt5,06032023,10000,1849.0,87.2,2210.0,500,100,0.0,0.0,0.0,66.0,0.0,666,,,,
Olfr1377_R_Gfy,06032023,10000,1652.0,84.0,1881.0,500,100,300.0,0.0,0.0,0.0,0.0,900,,,,
Olfr1377_R_Clgn,06032023,10000,1544.0,78.7,1748.0,500,100,0.0,66.0,0.0,0.0,0.0,666,,,,
Olfr1377_RGC,06032023,10000,1658.0,82.5,1902.0,500,100,300.0,66.0,0.0,0.0,0.0,966,,,,
Olfr1377_RGC_Syt1,06032023,10000,1882.0,92.7,2214.0,500,100,300.0,66.0,300.0,0.0,0.0,1266,,,,
Olfr1377_RGC_Syt5,06032023,10000,1679.0,87.2,1931.0,500,100,300.0,66.0,0.0,66.0,0.0,1033,,,,
Olfr1377_RGC_Syt1_Syt5,06032023,10000,1739.0,96.5,2013.0,500,100,300.0,66.0,300.0,66.0,0.0,1333,,,,
Olfr1377_RGC,06032023,10000,1807.0,84.2,2107.0,500,100,300.0,66.0,0.0,0.0,0.0,966,,,,
Olfr1377_RGC_Syt1_Syt5,06032023,10000,1669.0,103.0,1895.0,500,100,300.0,66.0,300.0,66.0,0.0,1333,,,,
RhopCI,05062022,56679,95.0,121.0,74.5,0,0,0.0,0.0,,,0.0,0,,,0.0,
ORS6,05062022,50747,127.0,121.0,87.4,1000,0,0.0,0.0,,,1000.0,2000,,,0.0,
ORS6_R,05062022,60817,277.0,144.0,134.0,1000,250,0.0,0.0,,,750.0,2000,,,0.0,
ORS6_Gfy,05062022,46997,145.0,113.0,103.0,1000,0,250.0,0.0,,,750.0,2000,,,0.0,
ORS6_Clgn,05062022,48469,117.0,119.0,80.9,1000,0,0.0,250.0,,,750.0,2000,,,0.0,
ORS6_Gfy_Clgn,05062022,48932,113.0,123.0,75.8,1000,0,250.0,250.0,,,500.0,2000,,,0.0,
ORS6_R_Gfy,05062022,49472,352.0,212.0,160.0,1000,250,250.0,0.0,,,500.0,2000,,,0.0,
ORS6_R_Clgn,05062022,44613,374.0,244.0,161.0,1000,250,0.0,250.0,,,500.0,2000,,,0.0,
ORS6_R_Gfy_Clgn,05062022,53295,285.0,192.0,113.0,1000,250,250.0,250.0,,,250.0,2000,,,0.0,
ORS6_R_RTP2_Gfy_Clgn,05062022,62721,231.0,126.0,131.0,1000,250,250.0,250.0,,,0.0,2000,,,250.0,
Olfr1377,05062022,40122,135.0,104.0,96.4,1000,0,0.0,0.0,,,1000.0,2000,,,0.0,
Olfr1377_R,05062022,50515,548.0,143.0,395.0,1000,250,0.0,0.0,,,750.0,2000,,,0.0,
Olfr1377_R_Gfy_Clgn,05062022,64492,565.0,173.0,373.0,1000,250,250.0,250.0,,,250.0,2000,,,0.0,
OR7D4_R,05062022,40011,83.8,131.0,57.8,1000,250,0.0,0.0,,,750.0,2000,,,0.0,
OR7D4_R_Gfy_Clgn,05062022,43602,73.3,134.0,51.4,1000,250,250.0,250.0,,,250.0,2000,,,0.0,
OR5A2_R,05062022,42129,105.0,128.0,74.5,1000,250,0.0,0.0,,,750.0,2000,,,0.0,
OR5A2_R_Gfy_Clgn,05062022,43328,104.0,131.0,70.6,1000,250,250.0,250.0,,,250.0,2000,,,0.0,
OR6Y1_R,05062022,37507,65.0,155.0,52.6,1000,250,0.0,0.0,,,750.0,2000,,,0.0,
OR6Y1_R_Gfy_Clgn,05062022,42101,68.6,146.0,53.9,1000,250,250.0,250.0,,,250.0,2000,,,0.0,
RhopCI,02032023,10051,86.7,78.3,84.8,0,0,0.0,0.0,,0.0,2000.0,2000,,0.0,,0.0
Olfr1377,02032023,10042,159.0,66.0,143.0,1000,0,0.0,0.0,,0.0,1000.0,2000,,0.0,,0.0
Olfr1377_RGC,02032023,10070,1424.0,85.7,1492.0,1000,100,150.0,150.0,,0.0,600.0,2000,,0.0,,0.0
Olfr1377_RGC_Syt5,02032023,10064,2137.0,93.8,2480.0,1000,100,150.0,150.0,,600.0,0.0,2000,,0.0,,0.0
Olfr1377_RGC_SytMix,02032023,10120,1490.0,87.6,1621.0,1000,100,150.0,150.0,,0.0,0.0,2000,,600.0,,0.0
Olfr1377_RGC_Syt1,02032023,10066,2066.0,79.6,2387.0,1000,100,150.0,150.0,,0.0,0.0,2000,,0.0,,600.0
Olfr1377_RGC_Syt4,02032023,10053,1096.0,92.1,1110.0,1000,100,150.0,150.0,,0.0,0.0,2000,,0.0,,600.0
Olfr1377_RGC_Syt7,02032023,10243,1114.0,94.3,1134.0,1000,100,150.0,150.0,,0.0,0.0,2000,,0.0,,600.0
Olfr1377_RGC_Syt11,02032023,10041,972.0,88.1,1018.0,1000,100,150.0,150.0,,0.0,0.0,2000,,0.0,,600.0
Olfr1377_RGC_Syt14,02032023,10121,1194.0,77.9,1270.0,1000,100,150.0,150.0,,0.0,0.0,2000,,0.0,,600.0
Olfr1377_RGC_Syt16,02032023,10921,1036.0,82.6,1072.0,1000,100,150.0,150.0,,0.0,0.0,2000,,0.0,,600.0
Olfr1377_RGC_Sytl1,02032023,10027,1333.0,79.4,1418.0,1000,100,150.0,150.0,,0.0,0.0,2000,,0.0,,600.0
Olfr1377_RGC_Sytl2,02032023,10029,1228.0,87.6,1285.0,1000,100,150.0,150.0,,0.0,0.0,2000,,0.0,,600.0
ORS6,02032023,10027,152.0,77.5,127.0,1000,0,0.0,0.0,,0.0,1000.0,2000,,0.0,,0.0
ORS6_RGC,02032023,10032,929.0,382.0,506.0,1000,100,150.0,150.0,,0.0,600.0,2000,,0.0,,0.0
ORS6_RGC_Syt5,02032023,10034,1307.0,335.0,978.0,1000,100,150.0,150.0,,600.0,0.0,2000,,0.0,,0.0
ORS6_RGC_SytMIX,02032023,10041,1252.0,341.0,908.0,1000,100,150.0,150.0,,0.0,0.0,2000,,600.0,,0.0
OR7D4,02032023,10910,78.1,85.3,73.2,1000,0,0.0,0.0,,0.0,1000.0,2000,,0.0,,0.0
OR7D4_RGC,02032023,10228,89.4,79.5,83.5,1000,100,150.0,150.0,,0.0,600.0,2000,,0.0,,0.0
OR7D4_RGC_Syt5,02032023,10036,106.0,71.7,99.0,1000,100,150.0,150.0,,600.0,0.0,2000,,0.0,,0.0
OR7D4_RGC_SytMIX,02032023,10071,107.0,74.3,96.4,1000,100,150.0,150.0,,0.0,0.0,2000,,600.0,,0.0
Olfr5A2,02032023,10040,99.5,77.8,91.2,1000,0,0.0,0.0,,0.0,1000.0,2000,,0.0,,0.0
Olfr5A2_RGC,02032023,10060,98.5,78.9,89.9,1000,100,150.0,150.0,,0.0,600.0,2000,,0.0,,0.0
Olfr5A2_RGC_Syt5,02032023,10466,83.2,85.2,77.1,1000,100,150.0,150.0,,600.0,0.0,2000,,0.0,,0.0
Olfr5A2_RGC_SytMIX,02032023,11303,80.2,87.7,71.9,1000,100,150.0,150.0,,0.0,0.0,2000,,600.0,,0.0
Olfr749,02032023,10030,79.2,82.7,77.1,1000,0,0.0,0.0,,0.0,1000.0,2000,,0.0,,0.0
Olfr749_RGC,02032023,10056,249.0,131.0,121.0,1000,100,150.0,150.0,,0.0,600.0,2000,,0.0,,0.0
Olfr749_RGC_Syt5,02032023,10067,225.0,134.0,112.0,1000,100,150.0,150.0,,600.0,0.0,2000,,0.0,,0.0
Olfr749_RGC_SytMIX,02032023,10061,173.0,99.7,105.0,1000,100,150.0,150.0,,0.0,0.0,2000,,600.0,,0.0
Olfr743,02032023,10038,237.0,70.4,204.0,1000,0,0.0,0.0,,0.0,1000.0,2000,,0.0,,0.0
Olfr743_RGC,02032023,4378,5741.0,95.1,7381.0,1000,100,150.0,150.0,,0.0,600.0,2000,,0.0,,0.0
Olfr743_RGC_Syt5,02032023,10000,6732.0,77.0,9322.0,1000,100,150.0,150.0,,600.0,0.0,2000,,0.0,,0.0
Olfr743_RGC_SytMix,02032023,509,4022.0,91.7,4821.0,1000,100,150.0,150.0,,0.0,0.0,2000,,600.0,,0.0
RhopCI,07122022,10000,51.7,152.0,51.4,0,0,,,,,,0,,,,
ORS6,07122022,10000,144.0,93.1,116.0,1000,0,,,,,,1000,,,,
ORS6_R,07122022,10000,1064.0,167.0,972.0,1000,100,,,,,,1100,,,,
TAS2R38,07122022,10000,1279.0,241.0,1016.0,100,0,,,,,,100,,,,
OR51E2,07122022,10000,3290.0,155.0,3678.0,100,0,,,,,,100,,,,
SigFlagRho,07122022,10000,41.0,171.0,39.8,100,0,,,,,,100,,,,
SigFlagRho_R,07122022,10000,29.8,219.0,30.8,100,100,,,,,,200,,,,
OR56A4_cons,07122022,10000,40.3,165.0,39.8,100,0,,,,,,100,,,,
OR56A4_cons_R,07122022,10000,44.9,160.0,44.9,100,100,,,,,,200,,,,
OR4K15_cons,07122022,10000,501.0,136.0,355.0,100,0,,,,,,100,,,,
OR4K15_cons_R,07122022,10000,788.0,110.0,730.0,100,100,,,,,,200,,,,
OR2T1_cons,07122022,10000,1590.0,148.0,1621.0,100,0,,,,,,100,,,,
OR2T1_cons_R,07122022,10000,6941.0,120.0,8775.0,100,100,,,,,,200,,,,
OR6A2_cons,07122022,10000,48.1,152.0,46.2,100,0,,,,,,100,,,,
OR6A2_cons_R,07122022,10000,51.5,143.0,51.4,100,100,,,,,,200,,,,
OR5P3_cons,07122022,10000,12406.0,124.0,19031.0,100,0,,,,,,100,,,,
OR5P3_cons_R,07122022,10000,12952.0,91.2,17490.0,100,100,,,,,,200,,,,
OR10J5_cons,07122022,10000,243.0,130.0,140.0,100,0,,,,,,100,,,,
OR10J5_cons_R,07122022,10000,246.0,134.0,140.0,100,100,,,,,,200,,,,
OR4D6_chimera,07122022,137,179.0,99.0,134.0,100,0,,,,,,100,,,,
OR4D6_chimera_R,07122022,10000,98.2,99.7,84.8,100,100,,,,,,200,,,,
Rho-pCI,09262022,10000,80.2,97.5,,0,0,0.0,0.0,,,1000.0,1000,,0.0,,
Olfr1377_R,09262022,5000,998.0,77.0,,1000,0,0.0,0.0,,,1000.0,2000,,0.0,,
Olfr1377_RGC,09262022,2632,986.0,89.6,,1000,100,0.0,0.0,,,900.0,2000,,0.0,,
Olfr1377_RGC_21MIX,09262022,6907,995.0,101.0,,1000,100,150.0,150.0,,,0.0,2000,,600.0,,
Olfr1377_RGC_kmerMix1,09262022,7627,995.0,81.9,,1000,100,150.0,150.0,,,0.0,2000,,600.0,,
Olfr1377_RGC_kmerMix2,09262022,5000,940.0,79.2,,1000,100,150.0,150.0,,,0.0,2000,,600.0,,
Olfr1377_RGC_kmerMix3,09262022,5000,910.0,82.6,,1000,100,150.0,150.0,,,0.0,2000,,600.0,,
Olfr1377_RGC_kmerMix4,09262022,5000,968.0,82.9,,1000,100,150.0,150.0,,,0.0,2000,,600.0,,
Olfr1377_RGC_kmerMix5,09262022,5000,878.0,88.1,,1000,100,150.0,150.0,,,0.0,2000,,600.0,,
Olfr1377_RGC_kmerMix6,09262022,5000,943.0,79.2,,1000,100,150.0,150.0,,,0.0,2000,,600.0,,
Olfr1377_RGC_kmerMix7,09262022,5000,1019.0,80.3,,1000,100,150.0,150.0,,,0.0,2000,,600.0,,
Olfr1377_RGC_kmerMix8,09262022,5000,1115.0,83.3,,1000,100,150.0,150.0,,,0.0,2000,,600.0,,
Olfr1377_RGC_kmerMix9,09262022,5000,999.0,89.3,,1000,100,150.0,150.0,,,0.0,2000,,600.0,,
Olfr1377_RGC_kmerMix10,09262022,5000,930.0,90.2,,1000,100,150.0,150.0,,,0.0,2000,,600.0,,
Olfr1377_RGC_kmerMix11,09262022,5000,953.0,83.4,,1000,100,150.0,150.0,,,0.0,2000,,600.0,,
Olfr1377_RGC_kmerMix12,09262022,5000,979.0,86.3,,1000,100,150.0,150.0,,,0.0,2000,,600.0,,
Olfr1377_RGC_kmerMix13,09262022,5000,1001.0,84.5,,1000,100,150.0,150.0,,,0.0,2000,,600.0,,
Olfr1377_RGC_kmerMix14,09262022,5000,989.0,83.5,,1000,100,150.0,150.0,,,0.0,2000,,600.0,,
Olfr1377_RGC_kmerMix15,09262022,5000,974.0,87.2,,1000,100,150.0,150.0,,,0.0,2000,,600.0,,
Olfr1377_R-pour,09262022,5000,497.0,87.9,,0,0,0.0,0.0,,,0.0,0,,0.0,,
Olfr1377_R-pour-vortex,09262022,5000,382.0,81.0,,0,0,0.0,0.0,,,0.0,0,,0.0,,
RhopCI,08052022,10100,27.1,251.0,28.2,0,0,0.0,0.0,,,1000.0,1000,0.0,,,
ORS6,08052022,10092,104.0,126.0,83.7,1000,0,0.0,0.0,,,1000.0,2000,0.0,,,
ORS6_R,08052022,10085,822.0,189.0,857.0,1000,100,0.0,0.0,,,900.0,2000,0.0,,,
ORS6_G,08052022,10157,101.0,126.0,83.0,1000,0,300.0,0.0,,,700.0,2000,0.0,,,
ORS6_C,08052022,10143,103.0,107.0,90.5,1000,0,0.0,300.0,,,700.0,2000,0.0,,,
ORS6_RG,08052022,10104,824.0,173.0,878.0,1000,100,300.0,0.0,,,600.0,2000,0.0,,,
ORS6_RC,08052022,10164,861.0,158.0,930.0,1000,100,0.0,300.0,,,600.0,2000,0.0,,,
ORS6_RGC,08052022,10120,862.0,155.0,942.0,1000,100,300.0,300.0,,,300.0,2000,0.0,,,
ORS6_RGC_Rtbdn,08052022,10101,955.0,147.0,1121.0,1000,100,300.0,300.0,,,0.0,2000,300.0,,,
ORS6_RGC_Ebf4,08052022,10114,759.0,218.0,719.0,1000,100,300.0,300.0,,,0.0,2000,300.0,,,
ORS6_RGC_Lingo2,08052022,10129,726.0,178.0,713.0,1000,100,300.0,300.0,,,0.0,2000,300.0,,,
ORS6_RGC_Flrt1,08052022,10115,572.0,187.0,494.0,1000,100,300.0,300.0,,,0.0,2000,300.0,,,
ORS6_RGC_Gpx6,08052022,10121,792.0,160.0,827.0,1000,100,300.0,300.0,,,0.0,2000,300.0,,,
ORS6_RGC_Jph4,08052022,10734,531.0,162.0,473.0,1000,100,300.0,300.0,,,0.0,2000,300.0,,,
ORS6_RGC_Efna3,08052022,10000,644.0,139.0,671.0,1000,100,300.0,300.0,,,0.0,2000,300.0,,,
Olfr1377_R,08052022,10000,700.0,89.2,725.0,1000,100,0.0,0.0,,,900.0,2000,0.0,,,
Olfr1377_G,08052022,10000,77.2,118.0,70.7,1000,0,300.0,0.0,,,700.0,2000,0.0,,,
Olfr1377_C,08052022,10000,69.4,124.0,64.0,1000,0,0.0,300.0,,,700.0,2000,0.0,,,
Olfr1377_RG,08052022,10000,728.0,86.9,760.0,1000,100,300.0,0.0,,,600.0,2000,0.0,,,
Olfr1377_RC,08052022,10000,910.0,81.5,990.0,1000,100,0.0,300.0,,,600.0,2000,0.0,,,
Olfr1377_RGC,08052022,10000,1051.0,83.8,1170.0,1000,100,300.0,300.0,,,300.0,2000,0.0,,,
Rho-pCI,08212022,10635,127.0,74.6,114.0,0,0,,,,,,0,,,,
OR51E2_RHO_100,08212022,10457,5910.0,147.0,6516.0,100,0,,,,,,100,,,,
OR51E2_RHO_200,08212022,10425,4579.0,152.0,5071.0,100,0,,,,,,100,,,,
OR51E2_RHO_400,08212022,10523,3356.0,151.0,3590.0,100,0,,,,,,100,,,,
OR51E2_RHO_800,08212022,10462,2127.0,143.0,2173.0,100,0,,,,,,100,,,,
OR51E2_RHO_1600,08212022,10517,1554.0,136.0,1492.0,100,0,,,,,,100,,,,
OR1A1_Chim,08212022,10548,1234.0,300.0,814.0,100,0,,,,,,100,,,,
OR2T1_Chim,08212022,10528,13250.0,66.2,15782.0,100,0,,,,,,100,,,,
OR10G4_Chim,08212022,10554,2235.0,136.0,2387.0,100,0,,,,,,100,,,,
OR10J5_Chim,08212022,10605,1846.0,400.0,1405.0,100,0,,,,,,100,,,,
OR2T1_ortholog_con,08212022,10616,2059.0,136.0,2253.0,100,0,,,,,,100,,,,
OR5P3_ortholog_con,08212022,10602,11270.0,110.0,15967.0,100,0,,,,,,100,,,,
OR11A1_ortholog_con,08212022,10614,1446.0,125.0,1495.0,100,0,,,,,,100,,,,
TAAR5,08212022,10626,2679.0,114.0,3077.0,100,0,,,,,,100,,,,
OR2W1_Chim,08212022,10000,681.0,202.0,423.0,100,0,,,,,,100,,,,
OR2W1_Chim_R,08212022,10000,1341.0,128.0,1270.0,100,100,,,,,,200,,,,
OR2W1_ortholog_con,08212022,10000,139.0,67.8,122.0,100,0,,,,,,100,,,,
OR2W1_ortholog_con_R,08212022,10000,3054.0,116.0,3490.0,100,100,,,,,,200,,,,
OR5A1_KAO,08212022,10000,855.0,71.2,879.0,100,0,,,,,,100,,,,
OR5A1_KAO_R,08212022,10000,4013.0,111.0,5125.0,100,100,,,,,,200,,,,
hOR2_con,08212022,10000,5311.0,135.0,6733.0,100,0,,,,,,100,,,,
RhopCI,01182023,10003,110.0,69.6,107.0,0,0,0.0,0.0,,0.0,0.0,0,0.0,0.0,,
Olfr1377,01182023,10000,171.0,63.7,158.0,1000,0,0.0,0.0,,0.0,1000.0,2000,0.0,0.0,,
Olfr1377_R,01182023,10000,944.0,81.7,920.0,1000,100,0.0,0.0,,0.0,900.0,2000,0.0,0.0,,
Olfr1377_RGC,01182023,10054,1123.0,81.1,1136.0,1000,100,150.0,150.0,,0.0,600.0,2000,0.0,0.0,,
Olfr1377_RGC_28MIX,01182023,10000,1059.0,85.2,1069.0,1000,100,150.0,150.0,,0.0,0.0,2000,0.0,600.0,,
Olfr1377_RGC_28MIX,01182023,10000,1051.0,83.2,1063.0,1000,100,150.0,150.0,,0.0,0.0,2000,0.0,600.0,,
Olfr1377_RGC_28MIX,01182023,10000,813.0,92.5,760.0,1000,100,150.0,150.0,,0.0,0.0,2000,0.0,600.0,,
Olfr1377_RGC_Trarg1,01182023,10000,1137.0,72.9,1161.0,1000,100,150.0,150.0,,0.0,0.0,2000,600.0,0.0,,
Olfr1377_RGC_Faim2,01182023,10000,376.0,96.0,286.0,1000,100,150.0,150.0,,0.0,0.0,2000,600.0,0.0,,
Olfr1377_RGC_Ephx4,01182023,10000,1128.0,74.9,1163.0,1000,100,150.0,150.0,,0.0,0.0,2000,600.0,0.0,,
Olfr1377_RGC_Serpine2,01182023,10000,1203.0,77.3,1239.0,1000,100,150.0,150.0,,0.0,0.0,2000,600.0,0.0,,
Olfr1377_RGC_Ddit3-1,01182023,10000,1310.0,72.8,1426.0,1000,100,150.0,150.0,,0.0,0.0,2000,600.0,0.0,,
Olfr1377_RGC_Ddit3-2,01182023,10000,1198.0,74.9,1285.0,1000,100,150.0,150.0,,0.0,0.0,2000,600.0,0.0,,
Olfr1377_RGC_Tenm4,01182023,10015,1206.0,78.1,1242.0,1000,100,150.0,150.0,,0.0,0.0,2000,600.0,0.0,,
Olfr1377_RGC_Syt5,01182023,10022,1709.0,84.8,1867.0,1000,100,150.0,150.0,,600.0,0.0,2000,0.0,0.0,,
Olfr1377_RGC_Ddit3-1_Ddit3-2,01182023,10000,1038.0,76.0,1055.0,1000,100,150.0,150.0,,0.0,0.0,2000,0.0,600.0,,
Olfr1377_RGC_Ddit3_Tenm4_Ephx4_Rtp2,01182023,10019,611.0,110.0,499.0,1000,100,150.0,150.0,,0.0,0.0,2000,0.0,600.0,,
Olfr1377_RGC_Ddit3_Tenm4,01182023,10000,1079.0,79.1,1093.0,1000,100,150.0,150.0,,0.0,0.0,2000,0.0,600.0,,
Olfr1377_RGC_Ddit3_Ephx4,01182023,10000,1068.0,73.9,1108.0,1000,100,150.0,150.0,,0.0,0.0,2000,0.0,600.0,,
Olfr1377_RGC_Ddit3_Rtp2,01182023,10000,675.0,111.0,556.0,1000,100,150.0,150.0,,0.0,0.0,2000,0.0,600.0,,
Olfr1377_RGC_Rtp2,01182023,10000,269.0,84.0,203.0,1000,100,150.0,150.0,,0.0,0.0,2000,600.0,0.0,,
RhopCI,11062022,10000,131.0,68.9,118.0,0,0,0.0,0.0,,,0.0,0,,0.0,,
Olfr1377,11062022,10000,155.0,59.5,144.0,1000,0,0.0,0.0,,,1000.0,2000,,0.0,,
Olfr1377_R,11062022,10041,774.0,84.3,725.0,1000,100,0.0,0.0,,,900.0,2000,,0.0,,
Olfr1377_RGC,11062022,10000,878.0,81.5,840.0,1000,100,150.0,150.0,,,600.0,2000,,0.0,,
Olfr1377_RGC_21MIX,11062022,10000,901.0,77.1,855.0,1000,100,150.0,150.0,,,0.0,2000,,600.0,,
Olfr1377_RGC_21minus_Hspa12a,11062022,10000,898.0,81.4,846.0,1000,100,150.0,150.0,,,0.0,2000,,600.0,,
Olfr1377_RGC_21minus_Ccdc184,11062022,10000,806.0,78.8,743.0,1000,100,150.0,150.0,,,0.0,2000,,600.0,,
Olfr1377_RGC_21minus_Efna3,11062022,10000,902.0,84.1,844.0,1000,100,150.0,150.0,,,0.0,2000,,600.0,,
Olfr1377_RGC_21minus_Cfap206,11062022,10000,907.0,80.0,868.0,1000,100,150.0,150.0,,,0.0,2000,,600.0,,
Olfr1377_RGC_21minus_Lingo2,11062022,10000,788.0,78.3,728.0,1000,100,150.0,150.0,,,0.0,2000,,600.0,,
Olfr1377_RGC_21minus_Acsl6,11062022,10000,758.0,78.8,695.0,1000,100,150.0,150.0,,,0.0,2000,,600.0,,
Olfr1377_RGC_PosTop2,11062022,10101,798.0,81.8,745.0,1000,100,150.0,150.0,,,0.0,2000,,600.0,,
Olfr1377_RGC_PosTop3,11062022,10000,603.0,68.1,562.0,1000,100,150.0,150.0,,,0.0,2000,,600.0,,
Olfr1377_RGC_PosTop4,11062022,10000,598.0,68.2,553.0,1000,100,150.0,150.0,,,0.0,2000,,600.0,,
Olfr1377_RGC_NegTop2,11062022,10000,632.0,75.3,564.0,1000,100,150.0,150.0,,,0.0,2000,,600.0,,
Olfr1377_RGC_NegTop3,11062022,10000,632.0,73.7,565.0,1000,100,150.0,150.0,,,0.0,2000,,600.0,,
Olfr1377_RGC_NegTop4,11062022,10000,682.0,77.1,610.0,1000,100,150.0,150.0,,,0.0,2000,,600.0,,
Olfr1377_RGC_NegTop5,11062022,10000,687.0,76.3,617.0,1000,100,150.0,150.0,,,0.0,2000,,600.0,,
Olfr1377_RGC_NegTop6,11062022,10000,671.0,73.9,611.0,1000,100,150.0,150.0,,,0.0,2000,,600.0,,
Olfr1377_RGC_NegTop7,11062022,10000,646.0,72.2,583.0,1000,100,150.0,150.0,,,0.0,2000,,600.0,,
Olfr1377_RGC_NegTop8,11062022,10000,733.0,77.1,671.0,1000,100,150.0,150.0,,,0.0,2000,,600.0,,
Rho-pCI,03312023,10000,147.0,59.5,135.0,0,0,0.0,0.0,0.0,0.0,0.0,0,,,,
Olfr1377,03312023,10000,239.0,62.0,208.0,1000,0,0.0,0.0,0.0,0.0,0.0,1000,,,,
Olfr1377_R,03312023,10000,1314.0,90.8,1363.0,1000,100,0.0,0.0,0.0,0.0,0.0,1100,,,,
Olfr1377_R_GCSMix,03312023,10000,1875.0,74.0,2099.0,1000,100,300.0,66.0,300.0,66.0,0.0,1833,,,,
Olfr1377_p50_R_GCSMix,03312023,10000,2322.0,70.1,2723.0,500,100,300.0,66.0,300.0,66.0,0.0,1333,,,,
Olfr1377_p33_R_GCSMix,03312023,10000,2028.0,77.1,2323.0,300,100,300.0,66.0,300.0,66.0,0.0,1133,,,,
Olfr1377_p10_R_GCSMix,03312023,10000,1242.0,96.8,1285.0,100,100,300.0,66.0,300.0,66.0,0.0,933,,,,
Olfr1377_GCSMix,03312023,10000,278.0,62.4,242.0,1000,0,300.0,66.0,300.0,66.0,0.0,1733,,,,
Olfr447,03312023,10000,217.0,67.2,183.0,1000,0,0.0,0.0,0.0,0.0,0.0,1000,,,,
Olfr447_R,03312023,10000,2544.0,124.0,2957.0,1000,100,0.0,0.0,0.0,0.0,0.0,1100,,,,
Olfr447_R_GCSMix,03312023,10000,2432.0,135.0,2697.0,1000,100,300.0,66.0,300.0,66.0,0.0,1833,,,,
Olfr447_GCSMix,03312023,10000,190.0,61.5,164.0,1000,0,300.0,66.0,300.0,66.0,0.0,1733,,,,
Olfr447_p50_R_GCSMix,03312023,10000,1477.0,138.0,1397.0,500,100,300.0,66.0,300.0,66.0,0.0,1333,,,,
RhopCI,06022022,10000,74.7,86.3,69.4,1000,0,0.0,0.0,,,1000.0,2000,0.0,,,
ORS6,06022022,10000,449.0,401.0,165.0,1000,100,0.0,0.0,,,900.0,2000,0.0,,,
ORS6_Hspa12a,06022022,10000,865.0,193.0,663.0,1000,100,300.0,300.0,,,0.0,2000,300.0,,,
ORS6_Sult1d1,06022022,10000,727.0,215.0,483.0,1000,100,300.0,300.0,,,0.0,2000,300.0,,,
ORS6_Pde6d,06022022,10000,700.0,233.0,433.0,1000,100,300.0,300.0,,,0.0,2000,300.0,,,
ORS6_Fam217a,06022022,10000,803.0,187.0,603.0,1000,100,300.0,300.0,,,0.0,2000,300.0,,,
ORS6_Herpud1,06022022,10000,763.0,177.0,571.0,1000,100,300.0,300.0,,,0.0,2000,300.0,,,
ORS6_Tmbim6,06022022,10000,819.0,208.0,587.0,1000,100,300.0,300.0,,,0.0,2000,300.0,,,
ORS6_Manea,06022022,10000,849.0,179.0,665.0,1000,100,300.0,300.0,,,0.0,2000,300.0,,,
Olfr1377,06022022,10000,1121.0,67.9,1183.0,1000,100,0.0,0.0,,,900.0,2000,0.0,,,
Olfr1377_Hspa12a,06022022,10000,1293.0,69.9,1389.0,1000,100,300.0,300.0,,,0.0,2000,300.0,,,
Olfr1377_Sult1d1,06022022,10000,1201.0,70.1,1273.0,1000,100,300.0,300.0,,,0.0,2000,300.0,,,
Olfr1377_Pde6d,06022022,10000,1193.0,71.1,1268.0,1000,100,300.0,300.0,,,0.0,2000,300.0,,,
Olfr1377_Fam217a,06022022,10000,1254.0,72.7,1335.0,1000,100,300.0,300.0,,,0.0,2000,300.0,,,
Olfr1377_Herpud1,06022022,10000,1180.0,67.7,1261.0,1000,100,300.0,300.0,,,0.0,2000,300.0,,,
Olfr1377_Tmbim6,06022022,10000,1311.0,73.2,1389.0,1000,100,300.0,300.0,,,0.0,2000,300.0,,,
Olfr1377_Manea,06022022,10000,1150.0,72.4,1199.0,1000,100,300.0,300.0,,,0.0,2000,300.0,,,
RhopCI,06302022,10000,112.0,66.2,105.0,0,0,0.0,0.0,,,1000.0,1000,0.0,,,
Rho-ORS6,06302022,10000,128.0,67.5,113.0,1000,0,0.0,0.0,,,1000.0,2000,0.0,,,
Rho-ORS6_R,06302022,10000,586.0,353.0,258.0,1000,100,0.0,0.0,,,900.0,2000,0.0,,,
Rho-ORS6_RGC,06302022,10000,586.0,252.0,308.0,1000,100,300.0,300.0,,,300.0,2000,0.0,,,
Rho-ORS6_RGC_Acsl6,06302022,10000,593.0,257.0,310.0,1000,100,300.0,300.0,,,0.0,2000,300.0,,,
Rho-ORS6_RGC_Slc24a2,06302022,10000,437.0,189.0,244.0,1000,100,300.0,300.0,,,0.0,2000,300.0,,,
Rho-ORS6_RGC_RTP2,06302022,10000,444.0,182.0,254.0,1000,100,300.0,300.0,,,200.0,2000,100.0,,,
Rho-ORS6_RG,06302022,10000,601.0,336.0,271.0,1000,100,300.0,0.0,,,600.0,2000,0.0,,,
Rho-ORS6_RC,06302022,10000,462.0,230.0,234.0,1000,100,0.0,300.0,,,600.0,2000,0.0,,,
OR52A5,06302022,10000,3151.0,133.0,3455.0,100,0,0.0,0.0,,,1900.0,2000,0.0,,,
OR51B2,06302022,10000,10204.0,96.0,14584.0,100,0,0.0,0.0,,,1900.0,2000,0.0,,,
OR52A5,06302022,10000,1838.0,203.0,1689.0,100,0,0.0,0.0,,,1900.0,2000,0.0,,,
OR51B2,06302022,10000,21814.0,110.0,33840.0,100,0,0.0,0.0,,,1900.0,2000,0.0,,,
pCI,06302022,10000,187.0,64.3,152.0,0,0,0.0,0.0,,,2000.0,2000,0.0,,,
Flag-ORS6,06302022,10000,309.0,111.0,203.0,1000,0,0.0,0.0,,,1000.0,2000,0.0,,,
Flag-ORS6_R,06302022,10000,298.0,93.2,204.0,1000,100,0.0,0.0,,,900.0,2000,0.0,,,
Flag-ORS6_RGC,06302022,10000,314.0,93.6,215.0,1000,100,300.0,300.0,,,300.0,2000,0.0,,,
pCI,06302022,10000,96.5,75.3,89.9,0,0,0.0,0.0,,,2000.0,2000,0.0,,,
HA-ORS6,06302022,10000,81.7,85.0,75.8,1000,0,0.0,0.0,,,1000.0,2000,0.0,,,
HA-ORS6_R,06302022,10000,89.7,79.9,82.2,1000,100,0.0,0.0,,,900.0,2000,0.0,,,
HA-ORS6_RGC,06302022,10000,89.0,79.9,82.2,1000,100,300.0,300.0,,,300.0,2000,0.0,,,
RhopCI,07292022,10000,45.3,156.0,46.2,0,0,0.0,0.0,,,1000.0,1000,0.0,,,
ORS6,07292022,10000,109.0,95.0,93.8,1000,0,0.0,0.0,,,1000.0,2000,0.0,,,
ORS6_R,07292022,10000,722.0,187.0,518.0,1000,100,0.0,0.0,,,900.0,2000,0.0,,,
ORS6_Gfy,07292022,10000,121.0,88.2,104.0,1000,0,300.0,0.0,,,700.0,2000,0.0,,,
ORS6_Clgn,07292022,10000,115.0,85.3,102.0,1000,0,0.0,300.0,,,700.0,2000,0.0,,,
ORS6_RG,07292022,10000,790.0,191.0,590.0,1000,100,300.0,0.0,,,600.0,2000,0.0,,,
ORS6_RC,07292022,10000,759.0,168.0,594.0,1000,100,0.0,300.0,,,600.0,2000,0.0,,,
ORS6_RGC,07292022,10000,802.0,148.0,653.0,1000,100,300.0,300.0,,,300.0,2000,0.0,,,
ORS6_RGC_Rtbdn,07292022,10000,665.0,169.0,488.0,1000,100,300.0,300.0,,,0.0,2000,300.0,,,
ORS6_RGC_Rd3,07292022,10000,854.0,167.0,687.0,1000,100,300.0,300.0,,,0.0,2000,300.0,,,
ORS6_RGC_Ebf2,07292022,10000,653.0,202.0,426.0,1000,100,300.0,300.0,,,0.0,2000,300.0,,,
ORS6_RGC_Ebf4,07292022,10000,562.0,172.0,380.0,1000,100,300.0,300.0,,,0.0,2000,300.0,,,
ORS6_RGC_Lingo2,07292022,10000,619.0,130.0,494.0,1000,100,300.0,300.0,,,0.0,2000,300.0,,,
ORS6_RGC_Syt5,07292022,10000,761.0,171.0,591.0,1000,100,300.0,300.0,,,0.0,2000,300.0,,,
ORS6_RGC_Gpx6,07292022,10000,623.0,170.0,443.0,1000,100,300.0,300.0,,,0.0,2000,300.0,,,
ORS6_RGC_Jph4,07292022,10000,575.0,157.0,417.0,1000,100,300.0,300.0,,,0.0,2000,300.0,,,
ORS6_RGC_Efna3,07292022,10000,626.0,176.0,440.0,1000,100,300.0,300.0,,,0.0,2000,300.0,,,
ORS6_RGC_Clstn2,07292022,10000,718.0,164.0,544.0,1000,100,300.0,300.0,,,0.0,2000,300.0,,,
ORS6_RGC_Flrt1,07292022,10000,675.0,158.0,507.0,1000,100,300.0,300.0,,,0.0,2000,300.0,,,
RhopCI,04012023,10000,131.0,62.4,123.0,0,0,0.0,0.0,0.0,0.0,1000.0,1000,,,,
Olfr1377,04012023,10000,261.0,62.9,226.0,500,0,0.0,0.0,0.0,0.0,0.0,500,,,,
Olfr1377_R,04012023,10000,1643.0,77.7,1822.0,500,100,0.0,0.0,0.0,0.0,0.0,600,,,,
Olfr1377_1000ng_R_GCSMix,04012023,10000,2437.0,82.4,2969.0,1000,100,225.0,225.0,225.0,225.0,0.0,2000,,,,
Olfr1377_R_GCSMix,04012023,10000,2233.0,96.5,2739.0,500,100,225.0,225.0,225.0,225.0,0.0,1500,,,,
Olfr1377_GCSMix,04012023,10000,261.0,68.1,225.0,500,0,225.0,225.0,225.0,225.0,0.0,1400,,,,
Olfr1377_1000ng_R_GCSMix_optimized,04012023,10000,2105.0,83.3,2480.0,1000,100,300.0,66.0,300.0,66.0,0.0,1832,,,,
Olfr1377_R_GCSMix_optimized,04012023,10000,2349.0,93.4,2882.0,500,100,300.0,66.0,300.0,66.0,0.0,1332,,,,
Olfr1377_GCSMix_optimized,04012023,10000,280.0,68.8,241.0,500,0,300.0,66.0,300.0,66.0,0.0,1232,,,,
Olfr1047,04012023,10000,133.0,67.1,123.0,500,0,0.0,0.0,0.0,0.0,0.0,500,,,,
Olfr1047_R,04012023,10000,311.0,107.0,213.0,500,100,0.0,0.0,0.0,0.0,0.0,600,,,,
Olfr1047_R_GCSMix,04012023,10000,240.0,81.5,182.0,500,100,225.0,225.0,225.0,225.0,0.0,1500,,,,
Olfr1047_GCSMix,04012023,10000,127.0,63.3,120.0,500,0,225.0,225.0,225.0,225.0,0.0,1400,,,,
Olfr1047_R_GCSMix_optimized,04012023,10000,235.0,83.4,174.0,500,100,300.0,66.0,300.0,66.0,0.0,1332,,,,
Olfr1047_GCSMix_optimized,04012023,10000,126.0,64.0,118.0,500,0,300.0,66.0,300.0,66.0,0.0,1232,,,,
Olfr728,04012023,10000,139.0,65.6,127.0,500,0,0.0,0.0,0.0,0.0,0.0,500,,,,
Olfr728_R,04012023,10000,145.0,72.8,125.0,500,100,0.0,0.0,0.0,0.0,0.0,600,,,,
Olfr728_R_GCSMix,04012023,10000,139.0,64.8,126.0,500,100,225.0,225.0,225.0,225.0,0.0,1500,,,,
Olfr728_GCSMix,04012023,10000,100.0,73.9,95.1,500,0,225.0,225.0,225.0,225.0,0.0,1400,,,,
Olfr728_R_GCSMix_optimized,04012023,10000,138.0,67.1,123.0,500,100,300.0,66.0,300.0,66.0,0.0,1332,,,,
Olfr728_GCSMix_optimized,04012023,10000,124.0,67.8,114.0,500,0,300.0,66.0,300.0,66.0,0.0,1232,,,,
Olfr1110,04012023,10000,139.0,66.5,129.0,500,0,0.0,0.0,0.0,0.0,0.0,500,,,,
Olfr1110_R,04012023,10000,334.0,117.0,222.0,500,100,0.0,0.0,0.0,0.0,0.0,600,,,,
Olfr1110_R_GCSMix,04012023,10003,425.0,137.0,265.0,500,100,225.0,225.0,225.0,225.0,0.0,1500,,,,
Olfr1110_GCSMix,04012023,10000,109.0,74.7,100.0,500,0,225.0,225.0,225.0,225.0,0.0,1400,,,,
Olfr1110_R_GCSMix_optimized,04012023,10000,359.0,122.0,228.0,500,100,300.0,66.0,300.0,66.0,0.0,1332,,,,
Olfr1110_GCSMix_optimized,04012023,10000,136.0,67.1,123.0,500,0,300.0,66.0,300.0,66.0,0.0,1232,,,,
Olfr545,04012023,10000,136.0,69.7,117.0,500,0,0.0,0.0,0.0,0.0,0.0,500,,,,
Olfr545_R,04012023,10000,244.0,100.0,173.0,500,100,0.0,0.0,0.0,0.0,0.0,600,,,,
Olfr545_R_GCSMix,04012023,10000,143.0,73.0,123.0,500,100,225.0,225.0,225.0,225.0,0.0,1500,,,,
Olfr545_GCSMix,04012023,10000,119.0,71.0,109.0,500,0,225.0,225.0,225.0,225.0,0.0,1400,,,,
Olfr545_R_GCSMix_optimized,04012023,10000,166.0,79.0,133.0,500,100,300.0,66.0,300.0,66.0,0.0,1332,,,,
Olfr545_GCSMix_optimized,04012023,10000,111.0,72.2,103.0,500,0,300.0,66.0,300.0,66.0,0.0,1232,,,,
Rho-pCI,08172022,10085,38.4,165.0,38.5,0,0,0.0,0.0,,,1000.0,1000,0.0,,,
ORS6,08172022,10074,119.0,98.0,97.7,1000,0,0.0,0.0,,,1000.0,2000,0.0,,,
ORS6_R,08172022,10691,810.0,153.0,700.0,1000,100,0.0,0.0,,,900.0,2000,0.0,,,
ORS6_G,08172022,10001,112.0,105.0,91.2,1000,0,300.0,0.0,,,700.0,2000,0.0,,,
ORS6_C,08172022,10000,100.0,97.4,86.1,1000,0,0.0,300.0,,,700.0,2000,0.0,,,
ORS6_RG,08172022,10000,782.0,150.0,668.0,1000,100,300.0,0.0,,,600.0,2000,0.0,,,
ORS6_RC,08172022,10000,792.0,142.0,695.0,1000,100,0.0,300.0,,,600.0,2000,0.0,,,
ORS6_RGC,08172022,10000,783.0,156.0,673.0,1000,100,300.0,300.0,,,300.0,2000,0.0,,,
ORS6_RGC_Rtbdn,08172022,10000,713.0,193.0,522.0,1000,100,300.0,300.0,,,0.0,2000,300.0,,,
ORS6_RGC_Ebf4,08172022,10000,621.0,226.0,387.0,1000,100,300.0,300.0,,,0.0,2000,300.0,,,
ORS6_RGC_Lingo2,08172022,10000,600.0,178.0,427.0,1000,100,300.0,300.0,,,0.0,2000,300.0,,,
ORS6_RGC_Flrt1,08172022,10000,489.0,189.0,305.0,1000,100,300.0,300.0,,,0.0,2000,300.0,,,
ORS6_RGC_Gpx6,08172022,10000,653.0,179.0,475.0,1000,100,300.0,300.0,,,0.0,2000,300.0,,,
ORS6_RGC_Jph4,08172022,10000,436.0,155.0,302.0,1000,100,300.0,300.0,,,0.0,2000,300.0,,,
Olfr1377,08172022,10000,73.0,108.0,64.2,1000,100,300.0,300.0,,,0.0,2000,300.0,,,
Olfr1377_R,08172022,10000,546.0,97.2,467.0,1000,100,0.0,0.0,,,900.0,2000,0.0,,,
Olfr1377_G,08172022,10000,75.5,104.0,69.4,1000,0,300.0,0.0,,,700.0,2000,0.0,,,
Olfr1377_C,08172022,10000,67.8,112.0,61.6,1000,0,0.0,300.0,,,700.0,2000,0.0,,,
Olfr1377_RG,08172022,10000,595.0,91.0,524.0,1000,100,300.0,0.0,,,600.0,2000,0.0,,,
Olfr1377_RC,08172022,10000,673.0,87.5,616.0,1000,100,0.0,300.0,,,600.0,2000,0.0,,,
Olfr1377_RGC,08172022,10000,712.0,87.6,655.0,1000,100,300.0,300.0,,,300.0,2000,0.0,,,
Rho-pCI,09212022,10000,29.7,222.0,29.5,0,0,,,,,,0,,,,
OR52A5-chim,09212022,10000,3242.0,184.0,3359.0,100,0,,,,,,100,,,,
OR52A5-chim_R,09212022,10000,1781.0,135.0,1741.0,100,100,,,,,,200,,,,
OR10A6-chim,09212022,10000,258.0,198.0,97.7,100,0,,,,,,100,,,,
OR10A6-chim_R,09212022,10000,132.0,139.0,68.1,100,100,,,,,,200,,,,
OR1C1-chim,09212022,10000,116.0,154.0,52.6,100,0,,,,,,100,,,,
OR1C1-chim_R,09212022,10000,162.0,173.0,57.8,100,100,,,,,,200,,,,
OR2J3-chim,09212022,10000,49.9,136.0,46.2,100,0,,,,,,100,,,,
OR2J3-chim_R,09212022,10000,43.5,164.0,41.1,100,100,,,,,,200,,,,
OR51E2-chim,09212022,10000,3434.0,192.0,4049.0,100,0,,,,,,100,,,,
OR51E2-chim_R,09212022,10000,6253.0,106.0,8854.0,100,100,,,,,,200,,,,
Olfr1377,09212022,10000,68.2,119.0,60.4,1000,0,,,,,,1000,,,,
Olfr1377_R,09212022,10000,515.0,101.0,423.0,1000,100,,,,,,1100,,,,
Olfr1377-Zymo,09212022,10000,79.4,102.0,70.6,1000,100,,,,,,1100,,,,
Olfr1377-Zymo_R,09212022,10000,445.0,102.0,360.0,1000,0,,,,,,1000,,,,
ORS6,09212022,10000,96.4,105.0,82.2,1000,0,,,,,,1000,,,,
ORS6_R,09212022,10000,533.0,156.0,381.0,1000,100,,,,,,1100,,,,
ORS6-Zymo,09212022,10000,99.4,100.0,84.8,1000,100,,,,,,1100,,,,
ORS6-Zymo_R,09212022,10000,529.0,139.0,395.0,1000,100,,,,,,1100,,,,
RhopCI_Transf48hr,05222022,10569,138.0,55.1,150.0,0,0,0.0,0.0,,,0.0,0,,,,
ORS6_R_Transf48hr,05222022,11090,671.0,183.0,580.0,1000,100,0.0,0.0,,,900.0,2000,,,,
ORS6_R_Gfy_Clgn_Transf48hr,05222022,10968,737.0,246.0,634.0,1000,100,450.0,450.0,,,0.0,2000,,,,
Olfr1377_R_Transf48hr,05222022,11456,837.0,107.0,855.0,1000,100,0.0,0.0,,,900.0,2000,,,,
Olfr1377_R_Gfy_Clgn_Transf48hr,05222022,11297,825.0,120.0,858.0,1000,100,450.0,450.0,,,0.0,2000,,,,
RhopCI_Transf24hr,05222022,10101,96.2,60.0,109.0,0,0,0.0,0.0,,,0.0,0,,,,
ORS6_R_Transf24hr,05222022,10533,557.0,351.0,444.0,1000,100,0.0,0.0,,,900.0,2000,,,,
ORS6_R_Gfy_Clgn_Transf24hr,05222022,10599,447.0,285.0,369.0,1000,100,450.0,450.0,,,0.0,2000,,,,
500ngORS6_R_Gfy_Clgn_Transf24hr,05222022,10546,254.0,228.0,205.0,500,150,675.0,675.0,,,0.0,2000,,,,
750ngORS6_R_Gfy_Clgn_Transf24hr,05222022,10820,436.0,339.0,339.0,750,125,562.0,562.0,,,0.0,2000,,,,
1500ngORS6_R_Gfy_Clgn_Transf24hr,05222022,10635,491.0,246.0,450.0,1500,50,225.0,225.0,,,0.0,2000,,,,
Olfr1377_R_Transf24hr,05222022,10899,1039.0,71.7,1171.0,1000,100,0.0,0.0,,,900.0,2000,,,,
Olfr1377_R_Gfy_Clgn_Transf24hr,05222022,11067,1131.0,77.3,1287.0,1000,100,450.0,450.0,,,0.0,2000,,,,
500ngOlfr1377_R_Gfy_Clgn_Transf24hr,05222022,11931,918.0,84.9,1016.0,500,150,675.0,675.0,,,0.0,2000,,,,
750ngOlfr1377_R_Gfy_Clgn_Transf24hr,05222022,13143,993.0,75.3,1114.0,750,125,562.0,562.0,,,0.0,2000,,,,
1500ngOlfr1377_R_Gfy_Clgn_Transf24hr,05222022,11494,599.0,94.2,615.0,1500,50,225.0,225.0,,,0.0,2000,,,,
RhopCI_Transf12hr,05222022,9647,75.7,68.4,85.3,0,0,0.0,0.0,,,0.0,0,,,,
ORS6_R_Transf12hr,05222022,10204,225.0,244.0,190.0,1000,100,0.0,0.0,,,900.0,2000,,,,
ORS6_R_Gfy_Clgn_Transf12hr,05222022,10300,227.0,185.0,217.0,1000,100,450.0,450.0,,,0.0,2000,,,,
Olfr1377_R_Transf12hr,05222022,10630,548.0,87.8,657.0,1000,100,0.0,0.0,,,900.0,2000,,,,
Olfr1377_R_Gfy_Clgn_Transf12hr,05222022,10886,733.0,84.6,894.0,1000,100,450.0,450.0,,,0.0,2000,,,,
RhopCI,06142022,9980,52.1,120.0,51.4,0,0,0.0,0.0,,,1000.0,1000,0.0,,,
ORS6,06142022,10000,109.0,99.0,87.4,1000,0,0.0,0.0,,,1000.0,2000,0.0,,,
ORS6_R,06142022,10000,778.0,276.0,473.0,1000,100,0.0,0.0,,,900.0,2000,0.0,,,
ORS6_RGC,06142022,10000,987.0,209.0,777.0,1000,100,300.0,300.0,,,300.0,2000,0.0,,,
ORS6_RGC_Acsl6,06142022,10000,1003.0,230.0,764.0,1000,100,300.0,300.0,,,0.0,2000,300.0,,,
ORS6_RGC_Slc24a2,06142022,10000,760.0,217.0,521.0,1000,100,300.0,300.0,,,0.0,2000,300.0,,,
ORS6_RGC_Cfap206,06142022,10000,851.0,248.0,565.0,1000,100,300.0,300.0,,,0.0,2000,300.0,,,
ORS6_RGC_Acsl6_Slc24a2,06142022,10000,873.0,224.0,625.0,1000,100,300.0,300.0,,,0.0,2000,300.0,,,
ORS6_RGC_Acsl6_Slc24a2_Cfap206,06142022,10000,838.0,246.0,558.0,1000,100,300.0,300.0,,,0.0,2000,300.0,,,
OR5A2,06142022,10000,82.7,95.0,73.2,1000,0,0.0,0.0,,,1000.0,2000,0.0,,,
OR5A2_R,06142022,10000,77.0,105.0,65.5,1000,100,0.0,0.0,,,900.0,2000,0.0,,,
OR5A2_RGC,06142022,10000,70.4,104.0,62.9,1000,100,300.0,300.0,,,300.0,2000,0.0,,,
OR5A2_RGC_Acsl6,06142022,10000,72.9,102.0,64.2,1000,100,300.0,300.0,,,0.0,2000,300.0,,,
OR5A2_RGC_Slc24a2,06142022,10000,72.3,104.0,62.9,1000,100,300.0,300.0,,,0.0,2000,300.0,,,
OR5A2_RGC_Cfap206,06142022,10000,63.3,114.0,57.8,1000,100,300.0,300.0,,,0.0,2000,300.0,,,
OR6Y1,06142022,10000,56.2,120.0,52.6,1000,0,0.0,0.0,,,1000.0,2000,0.0,,,
OR6Y1_R,06142022,10000,56.7,117.0,53.9,1000,100,0.0,0.0,,,900.0,2000,0.0,,,
OR6Y1_RGC,06142022,10000,53.5,119.0,51.4,1000,100,300.0,300.0,,,300.0,2000,0.0,,,
OR6Y1_RGC_Acsl6,06142022,10000,53.2,123.0,50.1,1000,100,300.0,300.0,,,0.0,2000,300.0,,,
OR6Y1_RGC_Slc24a2,06142022,10000,51.4,126.0,48.8,1000,100,300.0,300.0,,,0.0,2000,300.0,,,
OR6Y1_RGC_Cfap206,06142022,10000,51.6,122.0,50.1,1000,100,300.0,300.0,,,0.0,2000,300.0,,,
Rho-pCI,09012022,10146,37.4,207.0,37.2,0,0,0.0,0.0,,,0.0,0,,0.0,,
OR51E2,09012022,10139,2904.0,153.0,3077.0,100,0,0.0,0.0,,,0.0,100,,0.0,,
OR2T1_ortholog_cons,09012022,10116,1643.0,161.0,1646.0,100,0,0.0,0.0,,,0.0,100,,0.0,,
OR2T1_ortholog_cons_R,09012022,10521,6062.0,126.0,7546.0,100,100,0.0,0.0,,,0.0,200,,0.0,,
OR11A1_ortholog_cons,09012022,9989,1033.0,135.0,943.0,100,0,0.0,0.0,,,0.0,100,,0.0,,
OR11A1_ortholog_cons_R,09012022,10000,5737.0,130.0,6474.0,100,100,0.0,0.0,,,0.0,200,,0.0,,
OR10H1_chimera,09012022,10000,1117.0,114.0,1046.0,100,0,0.0,0.0,,,0.0,100,,0.0,,
OR10H1_chimera_R,09012022,10000,1899.0,149.0,1899.0,100,100,0.0,0.0,,,0.0,200,,0.0,,
OR1A1_native,09012022,10000,123.0,107.0,97.7,100,0,0.0,0.0,,,0.0,2000,,0.0,,
OR1A1_native_R,09012022,10000,800.0,130.0,657.0,100,100,0.0,0.0,,,0.0,2000,,0.0,,
TAS2R38,09012022,10000,1056.0,249.0,757.0,100,0,0.0,0.0,,,0.0,2000,,0.0,,
TAS2R8,09012022,10000,3359.0,142.0,3619.0,100,0,0.0,0.0,,,0.0,2000,,0.0,,
TAS2R16,09012022,10000,1324.0,187.0,1097.0,100,0,0.0,0.0,,,0.0,2000,,0.0,,
ORS6,09012022,10000,112.0,98.6,96.4,1000,0,0.0,0.0,,,1000.0,2000,,0.0,,
ORS6_R,09012022,10000,901.0,179.0,745.0,1000,100,0.0,0.0,,,900.0,2000,,0.0,,
ORS6_RGC,09012022,10000,1032.0,153.0,950.0,1000,100,150.0,150.0,,,0.0,2000,,600.0,,
ORS6_RGC_MIX,09012022,10000,1283.0,149.0,1327.0,1000,100,150.0,150.0,,,0.0,2000,,600.0,,
Olfr1377,09012022,10000,88.0,103.0,80.9,1000,0,0.0,0.0,,,1000.0,2000,,0.0,,
Olfr1377_R,09012022,10000,915.0,85.0,903.0,1000,100,0.0,0.0,,,900.0,2000,,0.0,,
Olfr1377_RGC,09012022,10000,1096.0,104.0,1061.0,1000,100,150.0,150.0,,,0.0,2000,,600.0,,
Olfr1377_RGC_MIX,09012022,10000,1396.0,88.9,1442.0,1000,100,150.0,150.0,,,0.0,2000,,600.0,,
RhopCI,10142022,10000,73.2,103.0,70.6,0,0,0.0,0.0,,,0.0,0,,0.0,,
Olfr1377,10142022,10000,121.0,74.8,108.0,1000,0,0.0,0.0,,,1000.0,2000,,0.0,,
Olfr1377_R,10142022,10000,936.0,79.8,916.0,1000,100,0.0,0.0,,,900.0,2000,,0.0,,
Olfr1377_RG,10142022,10000,799.0,83.6,748.0,1000,100,150.0,0.0,,,750.0,2000,,0.0,,
Olfr1377_RC,10142022,10000,906.0,82.8,875.0,1000,100,0.0,150.0,,,750.0,2000,,0.0,,
Olfr1377_RGC,10142022,10000,1059.0,80.9,1053.0,1000,100,150.0,150.0,,,600.0,2000,,0.0,,
Olfr1377_RGC_21MIX,10142022,10000,1059.0,83.8,1038.0,1000,100,150.0,150.0,,,0.0,2000,,600.0,,
Olfr1377_RGC_PosTop2,10142022,10000,1009.0,79.1,994.0,1000,100,150.0,150.0,,,0.0,2000,,600.0,,
Olfr1377_RGC_PosTop3,10142022,10000,798.0,74.0,777.0,1000,100,150.0,150.0,,,0.0,2000,,600.0,,
Olfr1377_RGC_PosTop4,10142022,10000,722.0,77.0,668.0,1000,100,150.0,150.0,,,0.0,2000,,600.0,,
Olfr1377_RGC_PosTop5,10142022,10000,736.0,73.5,707.0,1000,100,150.0,150.0,,,0.0,2000,,600.0,,
Olfr1377_RGC_NegTop2,10142022,10000,919.0,80.5,892.0,1000,100,150.0,150.0,,,0.0,2000,,600.0,,
Olfr1377_RGC_NegTop3,10142022,10000,885.0,84.0,842.0,1000,100,150.0,150.0,,,0.0,2000,,600.0,,
Olfr1377_RGC_NegTop4,10142022,10000,813.0,80.9,777.0,1000,100,150.0,150.0,,,0.0,2000,,600.0,,
Olfr1377_RGC_NegTop5,10142022,10000,917.0,82.7,882.0,1000,100,150.0,150.0,,,0.0,2000,,600.0,,
Olfr1377_RGC_NegTop6,10142022,10000,869.0,80.3,831.0,1000,100,150.0,150.0,,,0.0,2000,,600.0,,
Olfr1377_RGC_NegTop7,10142022,10000,862.0,82.7,826.0,1000,100,150.0,150.0,,,0.0,2000,,600.0,,
Olfr1377_RGC_NegTop8,10142022,10000,861.0,81.7,824.0,1000,100,150.0,150.0,,,0.0,2000,,600.0,,
Olfr1377_RGC_NegTop9,10142022,10000,812.0,84.1,760.0,1000,100,150.0,150.0,,,0.0,2000,,600.0,,
Olfr1377_RGC_NegTop10,10142022,10007,860.0,75.1,844.0,1000,100,150.0,150.0,,,0.0,2000,,600.0,,
Olfr1377_RGC_NegTop11,10142022,10000,868.0,76.6,857.0,1000,100,150.0,150.0,,,0.0,2000,,600.0,,
Rho-pCI,10032022,10160,68.4,114.0,59.1,0,0,0.0,0.0,,,1000.0,1000,,0.0,,
Olfr1377,10032022,10182,130.0,86.3,108.0,1000,100,0.0,0.0,,,900.0,2000,,0.0,,
Olfr1377_RGC,10032022,10099,1061.0,88.5,1074.0,1000,100,150.0,150.0,,,600.0,2000,,0.0,,
Olfr1377_RGC_21MIX,10032022,10280,1173.0,82.0,1218.0,1000,100,150.0,150.0,,,0.0,2000,,600.0,,
Olfr1377_RGC_kmer_mix8,10032022,10203,1138.0,91.9,1154.0,1000,100,150.0,150.0,,,0.0,2000,,600.0,,
Olfr1377_RGC_Hspa12a_Tmbim6,10032022,10223,617.0,105.0,527.0,1000,100,150.0,150.0,,,0.0,2000,,600.0,,
Olfr1377_RGC_kmer_mix16,10032022,10317,1144.0,84.7,1168.0,1000,100,150.0,150.0,,,0.0,2000,,600.0,,
Olfr1377_RGC_kmer_mix17,10032022,10307,1278.0,82.8,1345.0,1000,100,150.0,150.0,,,0.0,2000,,600.0,,
Olfr1377_RGC_kmer_mix18,10032022,10305,1087.0,74.9,1119.0,1000,100,150.0,150.0,,,0.0,2000,,600.0,,
Olfr1440_R,10032022,10167,107.0,84.9,91.2,0,0,0.0,0.0,,,0.0,0,,0.0,,
Olfr1440,10032022,10203,111.0,84.6,93.8,0,0,0.0,0.0,,,0.0,0,,0.0,,
Olfr1018_R,10032022,10418,133.0,86.7,111.0,0,0,0.0,0.0,,,0.0,0,,0.0,,
Olfr544_R,10032022,7007,820.0,511.0,370.0,0,0,0.0,0.0,,,0.0,0,,0.0,,
noReceptor_R_GFP,10032022,10042,65.8,122.0,56.5,0,0,0.0,0.0,,,0.0,0,,0.0,,
noGFP_R_Olfr1440,10032022,28,380.0,56.5,374.0,0,0,0.0,0.0,,,0.0,0,,0.0,,
Olfr1440_R_trRNA,10032022,10065,126.0,73.4,112.0,0,0,0.0,0.0,,,0.0,0,,0.0,,
Olfr1440_trRNA,10032022,10084,127.0,74.3,113.0,0,0,0.0,0.0,,,0.0,0,,0.0,,
Olfr1018_R_trRNA,10032022,10068,145.0,72.7,125.0,0,0,0.0,0.0,,,0.0,0,,0.0,,
Olfr544_R_trRNA,10032022,10114,859.0,460.0,407.0,0,0,0.0,0.0,,,0.0,0,,0.0,,
noReceptor_R_GFP_trRNA,10032022,10000,104.0,91.8,89.9,0,0,0.0,0.0,,,0.0,0,,0.0,,
noGFP_R_Olfr1440_trRNA,10032022,47,341.0,65.2,356.0,0,0,0.0,0.0,,,0.0,0,,0.0,,
RhopCI,03292023,10000,137.0,60.5,127.0,0,0,0.0,0.0,0.0,0.0,2000.0,2000,,,,
Olfr1377,03292023,10000,296.0,71.6,240.0,1000,0,0.0,0.0,0.0,0.0,0.0,1000,,,,
Olfr1377_R,03292023,10000,1405.0,69.4,1467.0,1000,100,0.0,0.0,0.0,0.0,0.0,1100,,,,
Olfr1377_R_GCSMix,03292023,10000,2156.0,73.8,2466.0,1000,100,200.0,200.0,200.0,200.0,0.0,1900,,,,
Olfr1377_R_1p50,03292023,10000,2182.0,73.2,2519.0,1000,150,200.0,200.0,200.0,200.0,0.0,1950,,,,
Olfr1377_R_p33,03292023,10000,1721.0,84.1,1877.0,1000,33,200.0,200.0,200.0,200.0,0.0,1833,,,,
Olfr1377_R_p10,03292023,10000,989.0,95.1,941.0,1000,10,200.0,200.0,200.0,200.0,0.0,1810,,,,
Olfr1377_Gfy_1p50,03292023,10000,2369.0,75.2,2750.0,1000,100,300.0,200.0,200.0,200.0,0.0,2000,,,,
Olfr1377_Gfy_p33,03292023,10000,2054.0,72.5,2355.0,1000,100,66.0,200.0,200.0,200.0,0.0,1766,,,,
Olfr1377_Gfy_p10,03292023,10000,1826.0,71.3,2010.0,1000,100,20.0,200.0,200.0,200.0,0.0,1720,,,,
Olfr1377_Clgn_1p50,03292023,10000,2041.0,72.2,2319.0,1000,100,200.0,300.0,200.0,200.0,0.0,2000,,,,
Olfr1377_Clgn_p33,03292023,10000,2202.0,72.8,2514.0,1000,100,200.0,66.0,200.0,200.0,0.0,1766,,,,
Olfr1377_Clgn_p10,03292023,10000,1868.0,73.0,2099.0,1000,100,200.0,20.0,200.0,200.0,0.0,1720,,,,
Olfr1377_Syt1_1p50,03292023,10000,2360.0,75.4,2771.0,1000,100,200.0,200.0,300.0,200.0,0.0,2000,,,,
Olfr1377_Syt1_p33,03292023,10000,1940.0,75.4,2193.0,1000,100,200.0,200.0,66.0,200.0,0.0,1766,,,,
Olfr1377_Syt1_p10,03292023,10000,1790.0,70.3,1991.0,1000,100,200.0,200.0,20.0,200.0,0.0,1720,,,,
Olfr1377_Syt5_1p50,03292023,10000,2112.0,82.9,2433.0,1000,100,200.0,200.0,200.0,300.0,0.0,2000,,,,
Olfr1377_Syt5_p33,03292023,10000,2264.0,75.5,2599.0,1000,100,200.0,200.0,200.0,66.0,0.0,1766,,,,
Olfr1377_Syt5_p10,03292023,10000,2105.0,74.9,2419.0,1000,100,200.0,200.0,200.0,20.0,0.0,1720,,,,
